# Blender 5.0.0
# www.blender.org
mtllib lipan_prop.mtl
o propeller
v -7.723850 -0.178822 4.719718
v -7.749339 -0.055061 4.798394
v -7.749339 -0.150239 4.703216
v -7.723850 -0.071577 4.826976
v -7.723850 -0.071577 4.826976
v -7.723850 -0.178822 4.719718
v -7.749339 -0.055061 4.798394
v -7.749339 -0.150239 4.703216
v -7.534007 -0.071577 4.826976
v -7.723850 -0.071577 4.826976
v -7.723850 -0.178822 4.719718
v -7.723850 -0.178822 4.719718
v -7.723850 -0.071577 4.826976
v -7.534007 -0.071577 4.826976
v -7.723850 -0.071577 4.826976
v -7.749339 0.074944 4.833230
v -7.749339 -0.055061 4.798394
v -7.723850 0.074944 4.866234
v -7.723850 0.074944 4.866234
v -7.723850 -0.071577 4.826976
v -7.749339 0.074944 4.833230
v -7.749339 -0.055061 4.798394
v -7.749339 -0.055061 4.348009
v -7.749339 0.074944 4.338634
v -7.749339 0.074944 4.313173
v -7.749339 -0.042335 4.370064
v -7.749339 -0.150239 4.443187
v -7.749339 -0.128193 4.455922
v -7.749339 -0.185084 4.573201
v -7.749339 -0.159614 4.573201
v -7.749339 -0.150239 4.703216
v -7.749339 -0.128193 4.690480
v -7.749339 -0.042335 4.776339
v -7.749339 -0.055061 4.798394
v -7.749339 0.074944 4.807769
v -7.749339 0.074944 4.833230
v -7.749339 0.204949 4.348009
v -7.749339 0.192223 4.370064
v -7.749339 0.300127 4.443187
v -7.749339 0.278081 4.455922
v -7.749339 0.334972 4.573201
v -7.749339 0.309502 4.573201
v -7.749339 0.278081 4.690480
v -7.749339 0.300127 4.703216
v -7.749339 0.192223 4.776339
v -7.749339 0.204949 4.798394
v -7.749339 0.074944 4.833230
v -7.749339 0.074944 4.807769
v -7.749339 0.204949 4.798394
v -7.749339 0.192223 4.776339
v -7.749339 0.300127 4.703216
v -7.749339 0.278081 4.690480
v -7.749339 0.334972 4.573201
v -7.749339 0.309502 4.573201
v -7.749339 0.278081 4.455922
v -7.749339 0.300127 4.443187
v -7.749339 0.192223 4.370064
v -7.749339 0.204949 4.348009
v -7.749339 0.074944 4.338634
v -7.749339 0.074944 4.313173
v -7.749339 -0.055061 4.798394
v -7.749339 -0.042335 4.776339
v -7.749339 -0.150239 4.703216
v -7.749339 -0.128193 4.690480
v -7.749339 -0.159614 4.573201
v -7.749339 -0.185084 4.573201
v -7.749339 -0.128193 4.455922
v -7.749339 -0.150239 4.443187
v -7.749339 -0.042335 4.370064
v -7.749339 -0.055061 4.348009
v -7.723850 -0.178822 4.719718
v -7.749339 -0.185084 4.573201
v -7.723850 -0.218098 4.573201
v -7.749339 -0.150239 4.703216
v -7.749339 -0.150239 4.703216
v -7.723850 -0.178822 4.719718
v -7.749339 -0.185084 4.573201
v -7.723850 -0.218098 4.573201
v -7.534007 -0.071577 4.826976
v -7.723850 -0.178822 4.719718
v -7.633579 -0.175141 4.679764
v -7.633579 -0.175141 4.679764
v -7.723850 -0.178822 4.719718
v -7.534007 -0.071577 4.826976
v -7.723850 -0.071577 4.826976
v -7.534007 0.074944 4.866234
v -7.723850 0.074944 4.866234
v -7.534007 -0.071577 4.826976
v -7.534007 -0.071577 4.826976
v -7.723850 -0.071577 4.826976
v -7.534007 0.074944 4.866234
v -7.723850 0.074944 4.866234
v -7.749339 0.074944 4.833230
v -7.723850 0.221465 4.826976
v -7.749339 0.204949 4.798394
v -7.723850 0.074944 4.866234
v -7.723850 0.074944 4.866234
v -7.749339 0.074944 4.833230
v -7.723850 0.221465 4.826976
v -7.749339 0.204949 4.798394
v -7.723850 -0.178822 4.426685
v -7.749339 -0.055061 4.348009
v -7.723850 -0.071577 4.319427
v -7.749339 -0.150239 4.443187
v -7.749339 -0.150239 4.443187
v -7.723850 -0.178822 4.426685
v -7.749339 -0.055061 4.348009
v -7.723850 -0.071577 4.319427
v -7.723850 -0.218098 4.573201
v -7.749339 -0.150239 4.443187
v -7.723850 -0.178822 4.426685
v -7.749339 -0.185084 4.573201
v -7.749339 -0.185084 4.573201
v -7.723850 -0.218098 4.573201
v -7.749339 -0.150239 4.443187
v -7.723850 -0.178822 4.426685
v -7.749339 0.204949 4.798394
v -7.723850 0.328728 4.719718
v -7.749339 0.300127 4.703216
v -7.723850 0.221465 4.826976
v -7.723850 0.221465 4.826976
v -7.749339 0.204949 4.798394
v -7.723850 0.328728 4.719718
v -7.749339 0.300127 4.703216
v -7.749339 0.300127 4.703216
v -7.723850 0.367986 4.573201
v -7.749339 0.334972 4.573201
v -7.723850 0.328728 4.719718
v -7.723850 0.328728 4.719718
v -7.749339 0.300127 4.703216
v -7.723850 0.367986 4.573201
v -7.749339 0.334972 4.573201
v -7.749339 0.300127 4.443187
v -7.723850 0.367986 4.573201
v -7.723850 0.328728 4.426685
v -7.749339 0.334972 4.573201
v -7.749339 0.334972 4.573201
v -7.749339 0.300127 4.443187
v -7.723850 0.367986 4.573201
v -7.723850 0.328728 4.426685
v -7.749339 0.204949 4.348009
v -7.723850 0.328728 4.426685
v -7.723850 0.221465 4.319427
v -7.749339 0.300127 4.443187
v -7.749339 0.300127 4.443187
v -7.749339 0.204949 4.348009
v -7.723850 0.328728 4.426685
v -7.723850 0.221465 4.319427
v -7.749339 0.074944 4.313173
v -7.723850 0.221465 4.319427
v -7.723850 0.074944 4.280169
v -7.749339 0.204949 4.348009
v -7.749339 0.204949 4.348009
v -7.749339 0.074944 4.313173
v -7.723850 0.221465 4.319427
v -7.723850 0.074944 4.280169
v -7.723850 -0.071577 4.319427
v -7.749339 0.074944 4.313173
v -7.723850 0.074944 4.280169
v -7.749339 -0.055061 4.348009
v -7.749339 -0.055061 4.348009
v -7.723850 -0.071577 4.319427
v -7.749339 0.074944 4.313173
v -7.723850 0.074944 4.280169
v -7.661942 -0.202717 4.576850
v -7.723850 -0.178822 4.719718
v -7.723850 -0.218098 4.573201
v -7.723850 -0.218098 4.573201
v -7.723850 -0.178822 4.719718
v -7.661942 -0.202717 4.576850
v -7.534007 -0.071577 4.826976
v -7.633579 -0.175141 4.679764
v -7.599888 -0.148151 4.706758
v -7.599888 -0.148151 4.706758
v -7.633579 -0.175141 4.679764
v -7.534007 -0.071577 4.826976
v -7.633579 -0.175141 4.679764
v -7.723850 -0.178822 4.719718
v -7.637333 -0.175819 4.677288
v -7.637333 -0.175819 4.677288
v -7.723850 -0.178822 4.719718
v -7.633579 -0.175141 4.679764
v -7.534007 0.221465 4.319427
v -7.534007 -0.071577 4.319427
v -7.534007 0.074944 4.280169
v -7.534007 0.074944 4.338634
v -7.534007 0.192223 4.370064
v -7.534007 0.328728 4.426685
v -7.534007 0.278081 4.455922
v -7.534007 0.367986 4.573201
v -7.534007 0.309502 4.573201
v -7.534007 0.328728 4.719718
v -7.534007 0.278081 4.690480
v -7.534007 0.192223 4.776339
v -7.534007 0.221465 4.826976
v -7.534007 0.074944 4.807769
v -7.534007 -0.042335 4.370064
v -7.534007 -0.178822 4.426685
v -7.534007 -0.128193 4.455922
v -7.534007 -0.218098 4.573201
v -7.534007 -0.159614 4.573201
v -7.534007 -0.128193 4.690480
v -7.534007 -0.178822 4.719718
v -7.534007 -0.042335 4.776339
v -7.534007 -0.071577 4.826976
v -7.534007 0.074944 4.866234
v -7.534007 0.074944 4.866234
v -7.534007 0.221465 4.826976
v -7.534007 -0.071577 4.826976
v -7.534007 0.074944 4.807769
v -7.534007 -0.042335 4.776339
v -7.534007 -0.178822 4.719718
v -7.534007 -0.128193 4.690480
v -7.534007 -0.218098 4.573201
v -7.534007 -0.159614 4.573201
v -7.534007 -0.128193 4.455922
v -7.534007 -0.178822 4.426685
v -7.534007 -0.042335 4.370064
v -7.534007 0.074944 4.338634
v -7.534007 -0.071577 4.319427
v -7.534007 0.192223 4.776339
v -7.534007 0.328728 4.719718
v -7.534007 0.278081 4.690480
v -7.534007 0.309502 4.573201
v -7.534007 0.367986 4.573201
v -7.534007 0.278081 4.455922
v -7.534007 0.328728 4.426685
v -7.534007 0.192223 4.370064
v -7.534007 0.221465 4.319427
v -7.534007 0.074944 4.280169
v -7.723850 0.074944 4.866234
v -7.534007 0.221465 4.826976
v -7.723850 0.221465 4.826976
v -7.534007 0.074944 4.866234
v -7.534007 0.074944 4.866234
v -7.723850 0.074944 4.866234
v -7.534007 0.221465 4.826976
v -7.723850 0.221465 4.826976
v -7.534007 -0.071577 4.319427
v -7.723850 -0.178822 4.426685
v -7.723850 -0.071577 4.319427
v -7.723850 -0.071577 4.319427
v -7.723850 -0.178822 4.426685
v -7.534007 -0.071577 4.319427
v -7.643705 -0.189185 4.474251
v -7.723850 -0.218098 4.573201
v -7.723850 -0.178822 4.426685
v -7.723850 -0.178822 4.426685
v -7.723850 -0.218098 4.573201
v -7.643705 -0.189185 4.474251
v -7.723850 0.221465 4.826976
v -7.534007 0.328728 4.719718
v -7.723850 0.328728 4.719718
v -7.534007 0.221465 4.826976
v -7.534007 0.221465 4.826976
v -7.723850 0.221465 4.826976
v -7.534007 0.328728 4.719718
v -7.723850 0.328728 4.719718
v -7.534007 0.328728 4.719718
v -7.723850 0.367986 4.573201
v -7.723850 0.328728 4.719718
v -7.534007 0.367986 4.573201
v -7.534007 0.367986 4.573201
v -7.534007 0.328728 4.719718
v -7.723850 0.367986 4.573201
v -7.723850 0.328728 4.719718
v -7.534007 0.367986 4.573201
v -7.723850 0.328728 4.426685
v -7.723850 0.367986 4.573201
v -7.534007 0.328728 4.426685
v -7.534007 0.328728 4.426685
v -7.534007 0.367986 4.573201
v -7.723850 0.328728 4.426685
v -7.723850 0.367986 4.573201
v -7.534007 0.221465 4.319427
v -7.723850 0.328728 4.426685
v -7.534007 0.328728 4.426685
v -7.723850 0.221465 4.319427
v -7.723850 0.221465 4.319427
v -7.534007 0.221465 4.319427
v -7.723850 0.328728 4.426685
v -7.534007 0.328728 4.426685
v -7.534007 0.074944 4.280169
v -7.723850 0.221465 4.319427
v -7.534007 0.221465 4.319427
v -7.723850 0.074944 4.280169
v -7.723850 0.074944 4.280169
v -7.534007 0.074944 4.280169
v -7.723850 0.221465 4.319427
v -7.534007 0.221465 4.319427
v -7.534007 -0.071577 4.319427
v -7.723850 0.074944 4.280169
v -7.534007 0.074944 4.280169
v -7.723850 -0.071577 4.319427
v -7.723850 -0.071577 4.319427
v -7.534007 -0.071577 4.319427
v -7.723850 0.074944 4.280169
v -7.534007 0.074944 4.280169
v -7.657346 -0.209693 4.550830
v -7.661942 -0.202717 4.576850
v -7.723850 -0.218098 4.573201
v -7.723850 -0.218098 4.573201
v -7.661942 -0.202717 4.576850
v -7.657346 -0.209693 4.550830
v -7.657237 -0.191712 4.617952
v -7.723850 -0.178822 4.719718
v -7.661942 -0.202717 4.576850
v -7.661942 -0.202717 4.576850
v -7.723850 -0.178822 4.719718
v -7.657237 -0.191712 4.617952
v -7.534007 -0.071577 4.826976
v -7.599888 -0.148151 4.706758
v -7.580277 -0.169831 4.685083
v -7.580277 -0.169831 4.685083
v -7.599888 -0.148151 4.706758
v -7.534007 -0.071577 4.826976
v -7.599888 -0.148151 4.706758
v -7.633579 -0.175141 4.679764
v -7.603513 -0.152015 4.702895
v -7.603513 -0.152015 4.702895
v -7.633579 -0.175141 4.679764
v -7.599888 -0.148151 4.706758
v -7.637333 -0.175819 4.677288
v -7.723850 -0.178822 4.719718
v -7.654325 -0.186201 4.638534
v -7.654325 -0.186201 4.638534
v -7.723850 -0.178822 4.719718
v -7.637333 -0.175819 4.677288
v -7.633579 -0.175141 4.679764
v -7.651945 -0.265138 4.651557
v -7.603513 -0.152015 4.702895
v -7.637333 -0.175819 4.677288
v -7.637333 -0.175819 4.677288
v -7.633579 -0.175141 4.679764
v -7.651945 -0.265138 4.651557
v -7.603513 -0.152015 4.702895
v -7.657346 -0.209693 4.550830
v -7.657237 -0.191712 4.617952
v -7.661942 -0.202717 4.576850
v -7.536533 -0.209693 4.550830
v -7.654325 -0.186201 4.638534
v -7.637333 -0.175819 4.677288
v -7.633579 -0.175141 4.679764
v -7.548179 -0.199824 4.587699
v -7.573026 -0.175141 4.679764
v -7.561051 -0.184846 4.643596
v -7.550248 -0.188874 4.628509
v -7.537559 -0.207423 4.559322
v -7.537559 -0.207423 4.559322
v -7.536533 -0.209693 4.550830
v -7.548179 -0.199824 4.587699
v -7.550248 -0.188874 4.628509
v -7.561051 -0.184846 4.643596
v -7.573026 -0.175141 4.679764
v -7.633579 -0.175141 4.679764
v -7.637333 -0.175819 4.677288
v -7.654325 -0.186201 4.638534
v -7.657237 -0.191712 4.617952
v -7.657346 -0.209693 4.550830
v -7.661942 -0.202717 4.576850
v -7.534007 -0.071577 4.826976
v -7.573026 -0.175141 4.679764
v -7.534007 -0.178822 4.719718
v -7.534007 -0.178822 4.719718
v -7.573026 -0.175141 4.679764
v -7.534007 -0.071577 4.826976
v -7.534007 -0.178822 4.719718
v -7.537559 -0.207423 4.559322
v -7.534007 -0.218098 4.573201
v -7.534007 -0.218098 4.573201
v -7.537559 -0.207423 4.559322
v -7.534007 -0.178822 4.719718
v -7.534007 -0.178822 4.426685
v -7.534007 -0.218098 4.573201
v -7.539701 -0.186457 4.464112
v -7.539701 -0.186457 4.464112
v -7.534007 -0.218098 4.573201
v -7.534007 -0.178822 4.426685
v -7.534007 -0.178822 4.426685
v -7.561674 -0.175141 4.421892
v -7.534007 -0.071577 4.319427
v -7.534007 -0.071577 4.319427
v -7.561674 -0.175141 4.421892
v -7.534007 -0.178822 4.426685
v -7.723850 -0.178822 4.426685
v -7.534007 -0.071577 4.319427
v -7.593900 -0.148499 4.395236
v -7.593900 -0.148499 4.395236
v -7.534007 -0.071577 4.319427
v -7.723850 -0.178822 4.426685
v -7.632847 -0.185084 4.458999
v -7.643705 -0.189185 4.474251
v -7.723850 -0.178822 4.426685
v -7.723850 -0.178822 4.426685
v -7.643705 -0.189185 4.474251
v -7.632847 -0.185084 4.458999
v -7.643705 -0.189185 4.474251
v -7.645792 -0.200117 4.515093
v -7.723850 -0.218098 4.573201
v -7.723850 -0.218098 4.573201
v -7.645792 -0.200117 4.515093
v -7.643705 -0.189185 4.474251
v -7.659141 -0.265138 4.601418
v -7.656504 -0.207807 4.543767
v -7.649711 -0.265138 4.538073
v -7.657346 -0.209693 4.550830
v -7.661942 -0.202717 4.576850
v -7.661942 -0.202717 4.576850
v -7.659141 -0.265138 4.601418
v -7.657346 -0.209693 4.550830
v -7.656504 -0.207807 4.543767
v -7.649711 -0.265138 4.538073
v -7.656504 -0.207807 4.543767
v -7.657346 -0.209693 4.550830
v -7.723850 -0.218098 4.573201
v -7.723850 -0.218098 4.573201
v -7.657346 -0.209693 4.550830
v -7.656504 -0.207807 4.543767
v -7.654325 -0.186201 4.638534
v -7.723850 -0.178822 4.719718
v -7.657237 -0.191712 4.617952
v -7.657237 -0.191712 4.617952
v -7.723850 -0.178822 4.719718
v -7.654325 -0.186201 4.638534
v -7.657237 -0.191712 4.617952
v -7.661942 -0.202717 4.576850
v -7.659141 -0.265138 4.601418
v -7.659141 -0.265138 4.601418
v -7.661942 -0.202717 4.576850
v -7.657237 -0.191712 4.617952
v -7.534007 -0.071577 4.826976
v -7.580277 -0.169831 4.685083
v -7.573191 -0.172797 4.682122
v -7.573191 -0.172797 4.682122
v -7.580277 -0.169831 4.685083
v -7.534007 -0.071577 4.826976
v -7.630082 -0.265138 4.675063
v -7.580277 -0.169831 4.685083
v -7.599888 -0.148151 4.706758
v -7.599888 -0.148151 4.706758
v -7.580277 -0.169831 4.685083
v -7.630082 -0.265138 4.675063
v -7.603513 -0.152015 4.702895
v -7.580277 -0.169831 4.685083
v -7.599888 -0.148151 4.706758
v -7.633579 -0.175141 4.679764
v -7.573191 -0.172797 4.682122
v -7.573026 -0.175141 4.679764
v -7.573026 -0.175141 4.679764
v -7.633579 -0.175141 4.679764
v -7.573191 -0.172797 4.682122
v -7.580277 -0.169831 4.685083
v -7.603513 -0.152015 4.702895
v -7.599888 -0.148151 4.706758
v -7.630082 -0.265138 4.675063
v -7.603513 -0.152015 4.702895
v -7.651945 -0.265138 4.651557
v -7.599888 -0.148151 4.706758
v -7.599888 -0.148151 4.706758
v -7.630082 -0.265138 4.675063
v -7.603513 -0.152015 4.702895
v -7.651945 -0.265138 4.651557
v -7.637333 -0.175819 4.677288
v -7.654325 -0.186201 4.638534
v -7.651945 -0.265138 4.651557
v -7.651945 -0.265138 4.651557
v -7.654325 -0.186201 4.638534
v -7.637333 -0.175819 4.677288
v -7.550248 -0.188874 4.628509
v -7.568100 -0.265138 4.625808
v -7.548179 -0.199824 4.587699
v -7.548179 -0.199824 4.587699
v -7.568100 -0.265138 4.625808
v -7.550248 -0.188874 4.628509
v -7.534007 -0.178822 4.719718
v -7.550248 -0.188874 4.628509
v -7.548179 -0.199824 4.587699
v -7.548179 -0.199824 4.587699
v -7.550248 -0.188874 4.628509
v -7.534007 -0.178822 4.719718
v -7.550248 -0.188874 4.628509
v -7.599393 -0.265138 4.665642
v -7.568100 -0.265138 4.625808
v -7.561051 -0.184846 4.643596
v -7.561051 -0.184846 4.643596
v -7.550248 -0.188874 4.628509
v -7.599393 -0.265138 4.665642
v -7.568100 -0.265138 4.625808
v -7.534007 -0.178822 4.719718
v -7.561051 -0.184846 4.643596
v -7.550248 -0.188874 4.628509
v -7.550248 -0.188874 4.628509
v -7.561051 -0.184846 4.643596
v -7.534007 -0.178822 4.719718
v -7.573026 -0.175141 4.679764
v -7.599393 -0.265138 4.665642
v -7.561051 -0.184846 4.643596
v -7.573191 -0.172797 4.682122
v -7.573191 -0.172797 4.682122
v -7.573026 -0.175141 4.679764
v -7.599393 -0.265138 4.665642
v -7.561051 -0.184846 4.643596
v -7.534007 -0.178822 4.719718
v -7.573026 -0.175141 4.679764
v -7.561051 -0.184846 4.643596
v -7.561051 -0.184846 4.643596
v -7.573026 -0.175141 4.679764
v -7.534007 -0.178822 4.719718
v -7.651945 -0.265138 4.651557
v -7.657237 -0.191712 4.617952
v -7.659141 -0.265138 4.601418
v -7.654325 -0.186201 4.638534
v -7.654325 -0.186201 4.638534
v -7.651945 -0.265138 4.651557
v -7.657237 -0.191712 4.617952
v -7.659141 -0.265138 4.601418
v -7.656504 -0.207807 4.543767
v -7.536533 -0.209693 4.550830
v -7.657346 -0.209693 4.550830
v -7.645792 -0.200117 4.515093
v -7.643705 -0.189185 4.474251
v -7.632847 -0.185084 4.458999
v -7.620615 -0.175141 4.421892
v -7.561674 -0.175141 4.421892
v -7.556602 -0.176057 4.425257
v -7.539701 -0.186457 4.464112
v -7.536789 -0.192042 4.484926
v -7.532139 -0.203065 4.526052
v -7.532139 -0.203065 4.526052
v -7.536789 -0.192042 4.484926
v -7.536533 -0.209693 4.550830
v -7.539701 -0.186457 4.464112
v -7.556602 -0.176057 4.425257
v -7.561674 -0.175141 4.421892
v -7.620615 -0.175141 4.421892
v -7.632847 -0.185084 4.458999
v -7.643705 -0.189185 4.474251
v -7.645792 -0.200117 4.515093
v -7.656504 -0.207807 4.543767
v -7.657346 -0.209693 4.550830
v -7.532139 -0.203065 4.526052
v -7.544608 -0.265138 4.566239
v -7.535178 -0.265138 4.502898
v -7.536533 -0.209693 4.550830
v -7.537559 -0.207423 4.559322
v -7.537559 -0.207423 4.559322
v -7.536533 -0.209693 4.550830
v -7.544608 -0.265138 4.566239
v -7.532139 -0.203065 4.526052
v -7.535178 -0.265138 4.502898
v -7.534007 -0.218098 4.573201
v -7.537559 -0.207423 4.559322
v -7.536533 -0.209693 4.550830
v -7.536533 -0.209693 4.550830
v -7.537559 -0.207423 4.559322
v -7.534007 -0.218098 4.573201
v -7.548179 -0.199824 4.587699
v -7.544608 -0.265138 4.566239
v -7.537559 -0.207423 4.559322
v -7.568100 -0.265138 4.625808
v -7.568100 -0.265138 4.625808
v -7.548179 -0.199824 4.587699
v -7.544608 -0.265138 4.566239
v -7.537559 -0.207423 4.559322
v -7.534007 -0.178822 4.719718
v -7.548179 -0.199824 4.587699
v -7.537559 -0.207423 4.559322
v -7.537559 -0.207423 4.559322
v -7.548179 -0.199824 4.587699
v -7.534007 -0.178822 4.719718
v -7.534007 -0.071577 4.826976
v -7.573191 -0.172797 4.682122
v -7.573026 -0.175141 4.679764
v -7.573026 -0.175141 4.679764
v -7.573191 -0.172797 4.682122
v -7.534007 -0.071577 4.826976
v -7.534007 -0.218098 4.573201
v -7.536789 -0.192042 4.484926
v -7.539701 -0.186457 4.464112
v -7.539701 -0.186457 4.464112
v -7.536789 -0.192042 4.484926
v -7.534007 -0.218098 4.573201
v -7.534007 -0.178822 4.426685
v -7.539701 -0.186457 4.464112
v -7.556602 -0.176057 4.425257
v -7.556602 -0.176057 4.425257
v -7.539701 -0.186457 4.464112
v -7.534007 -0.178822 4.426685
v -7.534007 -0.178822 4.426685
v -7.556602 -0.176057 4.425257
v -7.561674 -0.175141 4.421892
v -7.561674 -0.175141 4.421892
v -7.556602 -0.176057 4.425257
v -7.534007 -0.178822 4.426685
v -7.561674 -0.175141 4.421892
v -7.590128 -0.152619 4.399370
v -7.534007 -0.071577 4.319427
v -7.534007 -0.071577 4.319427
v -7.590128 -0.152619 4.399370
v -7.561674 -0.175141 4.421892
v -7.723850 -0.178822 4.426685
v -7.593900 -0.148499 4.395236
v -7.620524 -0.173731 4.420473
v -7.620524 -0.173731 4.420473
v -7.593900 -0.148499 4.395236
v -7.723850 -0.178822 4.426685
v -7.590128 -0.152619 4.399370
v -7.593900 -0.148499 4.395236
v -7.534007 -0.071577 4.319427
v -7.534007 -0.071577 4.319427
v -7.593900 -0.148499 4.395236
v -7.590128 -0.152619 4.399370
v -7.620615 -0.175141 4.421892
v -7.632847 -0.185084 4.458999
v -7.723850 -0.178822 4.426685
v -7.723850 -0.178822 4.426685
v -7.632847 -0.185084 4.458999
v -7.620615 -0.175141 4.421892
v -7.626200 -0.265138 4.478508
v -7.632847 -0.185084 4.458999
v -7.594907 -0.265138 4.438674
v -7.643705 -0.189185 4.474251
v -7.643705 -0.189185 4.474251
v -7.626200 -0.265138 4.478508
v -7.632847 -0.185084 4.458999
v -7.594907 -0.265138 4.438674
v -7.645792 -0.200117 4.515093
v -7.656504 -0.207807 4.543767
v -7.723850 -0.218098 4.573201
v -7.723850 -0.218098 4.573201
v -7.656504 -0.207807 4.543767
v -7.645792 -0.200117 4.515093
v -7.645792 -0.200117 4.515093
v -7.643705 -0.189185 4.474251
v -7.626200 -0.265138 4.478508
v -7.626200 -0.265138 4.478508
v -7.643705 -0.189185 4.474251
v -7.645792 -0.200117 4.515093
v -7.649711 -0.265138 4.538073
v -7.645792 -0.200117 4.515093
v -7.626200 -0.265138 4.478508
v -7.656504 -0.207807 4.543767
v -7.656504 -0.207807 4.543767
v -7.649711 -0.265138 4.538073
v -7.645792 -0.200117 4.515093
v -7.626200 -0.265138 4.478508
v -7.659141 -0.265138 4.601418
v -7.649711 -0.265138 4.538073
v -7.658738 -0.831098 4.495198
v -7.658738 -0.831098 4.495198
v -7.649711 -0.265138 4.538073
v -7.659141 -0.265138 4.601418
v -7.630082 -0.265138 4.675063
v -7.573191 -0.172797 4.682122
v -7.580277 -0.169831 4.685083
v -7.599393 -0.265138 4.665642
v -7.599393 -0.265138 4.665642
v -7.630082 -0.265138 4.675063
v -7.573191 -0.172797 4.682122
v -7.580277 -0.169831 4.685083
v -7.630082 -0.265138 4.675063
v -7.651945 -0.265138 4.651557
v -7.746757 -0.831098 4.640932
v -7.746757 -0.831098 4.640932
v -7.651945 -0.265138 4.651557
v -7.630082 -0.265138 4.675063
v -7.618528 -0.831098 4.670366
v -7.568100 -0.265138 4.625808
v -7.599393 -0.265138 4.665642
v -7.599393 -0.265138 4.665642
v -7.568100 -0.265138 4.625808
v -7.618528 -0.831098 4.670366
v -7.651945 -0.265138 4.651557
v -7.659141 -0.265138 4.601418
v -7.718485 -0.831098 4.570414
v -7.718485 -0.831098 4.570414
v -7.659141 -0.265138 4.601418
v -7.651945 -0.265138 4.651557
v -7.532139 -0.203065 4.526052
v -7.534007 -0.218098 4.573201
v -7.536533 -0.209693 4.550830
v -7.536533 -0.209693 4.550830
v -7.534007 -0.218098 4.573201
v -7.532139 -0.203065 4.526052
v -7.594907 -0.265138 4.438674
v -7.620615 -0.175141 4.421892
v -7.620524 -0.173731 4.420473
v -7.632847 -0.185084 4.458999
v -7.632847 -0.185084 4.458999
v -7.594907 -0.265138 4.438674
v -7.620615 -0.175141 4.421892
v -7.620524 -0.173731 4.420473
v -7.620524 -0.173731 4.420473
v -7.561674 -0.175141 4.421892
v -7.620615 -0.175141 4.421892
v -7.613273 -0.170619 4.417360
v -7.590128 -0.152619 4.399370
v -7.593900 -0.148499 4.395236
v -7.593900 -0.148499 4.395236
v -7.613273 -0.170619 4.417360
v -7.590128 -0.152619 4.399370
v -7.561674 -0.175141 4.421892
v -7.620524 -0.173731 4.420473
v -7.620615 -0.175141 4.421892
v -7.561674 -0.175141 4.421892
v -7.542356 -0.265138 4.452754
v -7.590128 -0.152619 4.399370
v -7.556602 -0.176057 4.425257
v -7.556602 -0.176057 4.425257
v -7.561674 -0.175141 4.421892
v -7.542356 -0.265138 4.452754
v -7.590128 -0.152619 4.399370
v -7.539701 -0.186457 4.464112
v -7.542356 -0.265138 4.452754
v -7.556602 -0.176057 4.425257
v -7.556602 -0.176057 4.425257
v -7.542356 -0.265138 4.452754
v -7.539701 -0.186457 4.464112
v -7.539701 -0.186457 4.464112
v -7.535178 -0.265138 4.502898
v -7.542356 -0.265138 4.452754
v -7.536789 -0.192042 4.484926
v -7.536789 -0.192042 4.484926
v -7.539701 -0.186457 4.464112
v -7.535178 -0.265138 4.502898
v -7.542356 -0.265138 4.452754
v -7.532139 -0.203065 4.526052
v -7.535178 -0.265138 4.502898
v -7.536789 -0.192042 4.484926
v -7.536789 -0.192042 4.484926
v -7.535178 -0.265138 4.502898
v -7.532139 -0.203065 4.526052
v -7.532139 -0.203065 4.526052
v -7.536789 -0.192042 4.484926
v -7.534007 -0.218098 4.573201
v -7.534007 -0.218098 4.573201
v -7.536789 -0.192042 4.484926
v -7.532139 -0.203065 4.526052
v -7.544608 -0.265138 4.566239
v -7.483579 -0.831098 4.535404
v -7.535178 -0.265138 4.502898
v -7.535178 -0.265138 4.502898
v -7.483579 -0.831098 4.535404
v -7.544608 -0.265138 4.566239
v -7.568100 -0.265138 4.625808
v -7.543326 -0.831098 4.610619
v -7.544608 -0.265138 4.566239
v -7.544608 -0.265138 4.566239
v -7.543326 -0.831098 4.610619
v -7.568100 -0.265138 4.625808
v -7.723850 -0.178822 4.426685
v -7.620524 -0.173731 4.420473
v -7.620615 -0.175141 4.421892
v -7.620615 -0.175141 4.421892
v -7.620524 -0.173731 4.420473
v -7.723850 -0.178822 4.426685
v -7.593900 -0.148499 4.395236
v -7.613273 -0.170619 4.417360
v -7.620524 -0.173731 4.420473
v -7.620524 -0.173731 4.420473
v -7.613273 -0.170619 4.417360
v -7.593900 -0.148499 4.395236
v -7.590128 -0.152619 4.399370
v -7.564219 -0.265138 4.429253
v -7.593900 -0.148499 4.395236
v -7.542356 -0.265138 4.452754
v -7.542356 -0.265138 4.452754
v -7.590128 -0.152619 4.399370
v -7.564219 -0.265138 4.429253
v -7.593900 -0.148499 4.395236
v -7.626200 -0.265138 4.478508
v -7.594907 -0.265138 4.438674
v -7.583518 -0.831098 4.435451
v -7.583518 -0.831098 4.435451
v -7.594907 -0.265138 4.438674
v -7.626200 -0.265138 4.478508
v -7.649711 -0.265138 4.538073
v -7.626200 -0.265138 4.478508
v -7.658738 -0.831098 4.495198
v -7.658738 -0.831098 4.495198
v -7.626200 -0.265138 4.478508
v -7.649711 -0.265138 4.538073
v -7.659141 -0.265138 4.601418
v -7.658738 -0.831098 4.495198
v -7.718485 -0.831098 4.570414
v -7.718485 -0.831098 4.570414
v -7.658738 -0.831098 4.495198
v -7.659141 -0.265138 4.601418
v -7.735990 -0.831098 4.687871
v -7.599393 -0.265138 4.665642
v -7.630082 -0.265138 4.675063
v -7.630082 -0.265138 4.675063
v -7.599393 -0.265138 4.665642
v -7.735990 -0.831098 4.687871
v -7.651945 -0.265138 4.651557
v -7.718485 -0.831098 4.570414
v -7.746757 -0.831098 4.640932
v -7.746757 -0.831098 4.640932
v -7.718485 -0.831098 4.570414
v -7.651945 -0.265138 4.651557
v -7.735990 -0.831098 4.687871
v -7.630082 -0.265138 4.675063
v -7.746757 -0.831098 4.640932
v -7.746757 -0.831098 4.640932
v -7.630082 -0.265138 4.675063
v -7.735990 -0.831098 4.687871
v -7.618528 -0.831098 4.670366
v -7.599393 -0.265138 4.665642
v -7.689060 -0.831098 4.698642
v -7.689060 -0.831098 4.698642
v -7.599393 -0.265138 4.665642
v -7.618528 -0.831098 4.670366
v -7.543326 -0.831098 4.610619
v -7.568100 -0.265138 4.625808
v -7.618528 -0.831098 4.670366
v -7.618528 -0.831098 4.670366
v -7.568100 -0.265138 4.625808
v -7.543326 -0.831098 4.610619
v -7.564219 -0.265138 4.429253
v -7.620524 -0.173731 4.420473
v -7.613273 -0.170619 4.417360
v -7.594907 -0.265138 4.438674
v -7.594907 -0.265138 4.438674
v -7.564219 -0.265138 4.429253
v -7.620524 -0.173731 4.420473
v -7.613273 -0.170619 4.417360
v -7.564219 -0.265138 4.429253
v -7.613273 -0.170619 4.417360
v -7.593900 -0.148499 4.395236
v -7.593900 -0.148499 4.395236
v -7.613273 -0.170619 4.417360
v -7.564219 -0.265138 4.429253
v -7.483579 -0.831098 4.535404
v -7.542356 -0.265138 4.452754
v -7.535178 -0.265138 4.502898
v -7.535178 -0.265138 4.502898
v -7.542356 -0.265138 4.452754
v -7.483579 -0.831098 4.535404
v -7.543326 -0.831098 4.610619
v -7.483579 -0.831098 4.535404
v -7.544608 -0.265138 4.566239
v -7.544608 -0.265138 4.566239
v -7.483579 -0.831098 4.535404
v -7.543326 -0.831098 4.610619
v -7.455289 -0.831098 4.464885
v -7.564219 -0.265138 4.429253
v -7.542356 -0.265138 4.452754
v -7.542356 -0.265138 4.452754
v -7.564219 -0.265138 4.429253
v -7.455289 -0.831098 4.464885
v -7.583518 -0.831098 4.435451
v -7.594907 -0.265138 4.438674
v -7.513004 -0.831098 4.407175
v -7.513004 -0.831098 4.407175
v -7.594907 -0.265138 4.438674
v -7.583518 -0.831098 4.435451
v -7.658738 -0.831098 4.495198
v -7.626200 -0.265138 4.478508
v -7.583518 -0.831098 4.435451
v -7.583518 -0.831098 4.435451
v -7.626200 -0.265138 4.478508
v -7.658738 -0.831098 4.495198
v -7.734928 -1.294502 4.572863
v -7.658738 -0.831098 4.495198
v -7.666813 -1.294502 4.487123
v -7.718485 -0.831098 4.570414
v -7.718485 -0.831098 4.570414
v -7.734928 -1.294502 4.572863
v -7.658738 -0.831098 4.495198
v -7.666813 -1.294502 4.487123
v -7.689060 -0.831098 4.698642
v -7.599393 -0.265138 4.665642
v -7.735990 -0.831098 4.687871
v -7.735990 -0.831098 4.687871
v -7.599393 -0.265138 4.665642
v -7.689060 -0.831098 4.698642
v -7.734928 -1.294502 4.572863
v -7.746757 -0.831098 4.640932
v -7.718485 -0.831098 4.570414
v -7.767173 -1.294502 4.653255
v -7.767173 -1.294502 4.653255
v -7.734928 -1.294502 4.572863
v -7.746757 -0.831098 4.640932
v -7.718485 -0.831098 4.570414
v -7.767173 -1.294502 4.653255
v -7.735990 -0.831098 4.687871
v -7.746757 -0.831098 4.640932
v -7.754887 -1.294502 4.706768
v -7.754887 -1.294502 4.706768
v -7.767173 -1.294502 4.653255
v -7.735990 -0.831098 4.687871
v -7.746757 -0.831098 4.640932
v -7.701383 -1.294502 4.719045
v -7.618528 -0.831098 4.670366
v -7.689060 -0.831098 4.698642
v -7.620982 -1.294502 4.686809
v -7.620982 -1.294502 4.686809
v -7.701383 -1.294502 4.719045
v -7.618528 -0.831098 4.670366
v -7.689060 -0.831098 4.698642
v -7.620982 -1.294502 4.686809
v -7.543326 -0.831098 4.610619
v -7.618528 -0.831098 4.670366
v -7.535252 -1.294502 4.618694
v -7.535252 -1.294502 4.618694
v -7.620982 -1.294502 4.686809
v -7.543326 -0.831098 4.610619
v -7.618528 -0.831098 4.670366
v -7.466074 -0.831098 4.417946
v -7.594907 -0.265138 4.438674
v -7.564219 -0.265138 4.429253
v -7.564219 -0.265138 4.429253
v -7.594907 -0.265138 4.438674
v -7.466074 -0.831098 4.417946
v -7.483579 -0.831098 4.535404
v -7.455289 -0.831098 4.464885
v -7.542356 -0.265138 4.452754
v -7.542356 -0.265138 4.452754
v -7.455289 -0.831098 4.464885
v -7.483579 -0.831098 4.535404
v -7.483579 -0.831098 4.535404
v -7.535252 -1.294502 4.618694
v -7.467136 -1.294502 4.532955
v -7.543326 -0.831098 4.610619
v -7.543326 -0.831098 4.610619
v -7.483579 -0.831098 4.535404
v -7.535252 -1.294502 4.618694
v -7.467136 -1.294502 4.532955
v -7.455289 -0.831098 4.464885
v -7.466074 -0.831098 4.417946
v -7.564219 -0.265138 4.429253
v -7.564219 -0.265138 4.429253
v -7.466074 -0.831098 4.417946
v -7.455289 -0.831098 4.464885
v -7.500681 -1.294502 4.386773
v -7.583518 -0.831098 4.435451
v -7.513004 -0.831098 4.407175
v -7.581083 -1.294502 4.419008
v -7.581083 -1.294502 4.419008
v -7.500681 -1.294502 4.386773
v -7.583518 -0.831098 4.435451
v -7.513004 -0.831098 4.407175
v -7.513004 -0.831098 4.407175
v -7.594907 -0.265138 4.438674
v -7.466074 -0.831098 4.417946
v -7.466074 -0.831098 4.417946
v -7.594907 -0.265138 4.438674
v -7.513004 -0.831098 4.407175
v -7.581083 -1.294502 4.419008
v -7.658738 -0.831098 4.495198
v -7.583518 -0.831098 4.435451
v -7.666813 -1.294502 4.487123
v -7.666813 -1.294502 4.487123
v -7.581083 -1.294502 4.419008
v -7.658738 -0.831098 4.495198
v -7.583518 -0.831098 4.435451
v -7.734928 -1.294502 4.572863
v -7.666813 -1.294502 4.487123
v -7.719529 -1.964338 4.539977
v -7.719529 -1.964338 4.539977
v -7.666813 -1.294502 4.487123
v -7.734928 -1.294502 4.572863
v -7.754887 -1.294502 4.706768
v -7.689060 -0.831098 4.698642
v -7.735990 -0.831098 4.687871
v -7.701383 -1.294502 4.719045
v -7.701383 -1.294502 4.719045
v -7.754887 -1.294502 4.706768
v -7.689060 -0.831098 4.698642
v -7.735990 -0.831098 4.687871
v -7.767173 -1.294502 4.653255
v -7.734928 -1.294502 4.572863
v -7.764719 -1.964338 4.600283
v -7.764719 -1.964338 4.600283
v -7.734928 -1.294502 4.572863
v -7.767173 -1.294502 4.653255
v -7.754887 -1.294502 4.706768
v -7.767173 -1.294502 4.653255
v -7.766440 -1.964338 4.648009
v -7.766440 -1.964338 4.648009
v -7.767173 -1.294502 4.653255
v -7.754887 -1.294502 4.706768
v -7.724235 -1.964338 4.670375
v -7.620982 -1.294502 4.686809
v -7.701383 -1.294502 4.719045
v -7.701383 -1.294502 4.719045
v -7.620982 -1.294502 4.686809
v -7.724235 -1.964338 4.670375
v -7.649418 -1.964338 4.661394
v -7.535252 -1.294502 4.618694
v -7.620982 -1.294502 4.686809
v -7.620982 -1.294502 4.686809
v -7.535252 -1.294502 4.618694
v -7.649418 -1.964338 4.661394
v -7.455289 -0.831098 4.464885
v -7.467136 -1.294502 4.532955
v -7.434891 -1.294502 4.452558
v -7.483579 -0.831098 4.535404
v -7.483579 -0.831098 4.535404
v -7.455289 -0.831098 4.464885
v -7.467136 -1.294502 4.532955
v -7.434891 -1.294502 4.452558
v -7.535252 -1.294502 4.618694
v -7.485484 -1.964338 4.566742
v -7.467136 -1.294502 4.532955
v -7.467136 -1.294502 4.532955
v -7.485484 -1.964338 4.566742
v -7.535252 -1.294502 4.618694
v -7.466074 -0.831098 4.417946
v -7.434891 -1.294502 4.452558
v -7.447178 -1.294502 4.399050
v -7.455289 -0.831098 4.464885
v -7.455289 -0.831098 4.464885
v -7.466074 -0.831098 4.417946
v -7.434891 -1.294502 4.452558
v -7.447178 -1.294502 4.399050
v -7.447178 -1.294502 4.399050
v -7.513004 -0.831098 4.407175
v -7.466074 -0.831098 4.417946
v -7.500681 -1.294502 4.386773
v -7.500681 -1.294502 4.386773
v -7.447178 -1.294502 4.399050
v -7.513004 -0.831098 4.407175
v -7.466074 -0.831098 4.417946
v -7.480759 -1.964338 4.436339
v -7.581083 -1.294502 4.419008
v -7.500681 -1.294502 4.386773
v -7.500681 -1.294502 4.386773
v -7.581083 -1.294502 4.419008
v -7.480759 -1.964338 4.436339
v -7.555576 -1.964338 4.445330
v -7.666813 -1.294502 4.487123
v -7.581083 -1.294502 4.419008
v -7.581083 -1.294502 4.419008
v -7.666813 -1.294502 4.487123
v -7.555576 -1.964338 4.445330
v -7.642972 -1.964338 4.483260
v -7.719529 -1.964338 4.539977
v -7.666813 -1.294502 4.487123
v -7.666813 -1.294502 4.487123
v -7.719529 -1.964338 4.539977
v -7.642972 -1.964338 4.483260
v -7.764719 -1.964338 4.600283
v -7.734928 -1.294502 4.572863
v -7.719529 -1.964338 4.539977
v -7.719529 -1.964338 4.539977
v -7.734928 -1.294502 4.572863
v -7.764719 -1.964338 4.600283
v -7.766440 -1.964338 4.648009
v -7.701383 -1.294502 4.719045
v -7.754887 -1.294502 4.706768
v -7.754887 -1.294502 4.706768
v -7.701383 -1.294502 4.719045
v -7.766440 -1.964338 4.648009
v -7.767173 -1.294502 4.653255
v -7.764719 -1.964338 4.600283
v -7.766440 -1.964338 4.648009
v -7.766440 -1.964338 4.648009
v -7.764719 -1.964338 4.600283
v -7.767173 -1.294502 4.653255
v -7.724235 -1.964338 4.670375
v -7.701383 -1.294502 4.719045
v -7.766440 -1.964338 4.648009
v -7.766440 -1.964338 4.648009
v -7.701383 -1.294502 4.719045
v -7.724235 -1.964338 4.670375
v -7.649418 -1.964338 4.661394
v -7.620982 -1.294502 4.686809
v -7.724235 -1.964338 4.670375
v -7.724235 -1.964338 4.670375
v -7.620982 -1.294502 4.686809
v -7.649418 -1.964338 4.661394
v -7.649418 -1.964338 4.661394
v -7.562040 -1.964338 4.623455
v -7.535252 -1.294502 4.618694
v -7.535252 -1.294502 4.618694
v -7.562040 -1.964338 4.623455
v -7.649418 -1.964338 4.661394
v -7.467136 -1.294502 4.532955
v -7.440293 -1.964338 4.506441
v -7.434891 -1.294502 4.452558
v -7.434891 -1.294502 4.452558
v -7.440293 -1.964338 4.506441
v -7.467136 -1.294502 4.532955
v -7.485484 -1.964338 4.566742
v -7.535252 -1.294502 4.618694
v -7.562040 -1.964338 4.623455
v -7.562040 -1.964338 4.623455
v -7.535252 -1.294502 4.618694
v -7.485484 -1.964338 4.566742
v -7.485484 -1.964338 4.566742
v -7.440293 -1.964338 4.506441
v -7.467136 -1.294502 4.532955
v -7.467136 -1.294502 4.532955
v -7.440293 -1.964338 4.506441
v -7.485484 -1.964338 4.566742
v -7.438572 -1.964338 4.458710
v -7.447178 -1.294502 4.399050
v -7.434891 -1.294502 4.452558
v -7.434891 -1.294502 4.452558
v -7.447178 -1.294502 4.399050
v -7.438572 -1.964338 4.458710
v -7.438572 -1.964338 4.458710
v -7.500681 -1.294502 4.386773
v -7.447178 -1.294502 4.399050
v -7.447178 -1.294502 4.399050
v -7.500681 -1.294502 4.386773
v -7.438572 -1.964338 4.458710
v -7.480759 -1.964338 4.436339
v -7.500681 -1.294502 4.386773
v -7.438572 -1.964338 4.458710
v -7.438572 -1.964338 4.458710
v -7.500681 -1.294502 4.386773
v -7.480759 -1.964338 4.436339
v -7.555576 -1.964338 4.445330
v -7.581083 -1.294502 4.419008
v -7.480759 -1.964338 4.436339
v -7.480759 -1.964338 4.436339
v -7.581083 -1.294502 4.419008
v -7.555576 -1.964338 4.445330
v -7.642972 -1.964338 4.483260
v -7.666813 -1.294502 4.487123
v -7.555576 -1.964338 4.445330
v -7.555576 -1.964338 4.445330
v -7.666813 -1.294502 4.487123
v -7.642972 -1.964338 4.483260
v -7.642972 -1.964338 4.483260
v -7.661008 -2.736842 4.546669
v -7.719529 -1.964338 4.539977
v -7.622739 -2.736842 4.518311
v -7.622739 -2.736842 4.518311
v -7.642972 -1.964338 4.483260
v -7.661008 -2.736842 4.546669
v -7.719529 -1.964338 4.539977
v -7.661008 -2.736842 4.546669
v -7.764719 -1.964338 4.600283
v -7.719529 -1.964338 4.539977
v -7.683604 -2.736842 4.576818
v -7.683604 -2.736842 4.576818
v -7.661008 -2.736842 4.546669
v -7.764719 -1.964338 4.600283
v -7.719529 -1.964338 4.539977
v -7.684483 -2.736842 4.600686
v -7.764719 -1.964338 4.600283
v -7.683604 -2.736842 4.576818
v -7.766440 -1.964338 4.648009
v -7.766440 -1.964338 4.648009
v -7.684483 -2.736842 4.600686
v -7.764719 -1.964338 4.600283
v -7.683604 -2.736842 4.576818
v -7.684483 -2.736842 4.600686
v -7.724235 -1.964338 4.670375
v -7.766440 -1.964338 4.648009
v -7.663371 -2.736842 4.611869
v -7.663371 -2.736842 4.611869
v -7.684483 -2.736842 4.600686
v -7.724235 -1.964338 4.670375
v -7.766440 -1.964338 4.648009
v -7.663371 -2.736842 4.611869
v -7.649418 -1.964338 4.661394
v -7.724235 -1.964338 4.670375
v -7.625962 -2.736842 4.607378
v -7.625962 -2.736842 4.607378
v -7.663371 -2.736842 4.611869
v -7.649418 -1.964338 4.661394
v -7.724235 -1.964338 4.670375
v -7.649418 -1.964338 4.661394
v -7.582273 -2.736842 4.588408
v -7.562040 -1.964338 4.623455
v -7.625962 -2.736842 4.607378
v -7.625962 -2.736842 4.607378
v -7.649418 -1.964338 4.661394
v -7.582273 -2.736842 4.588408
v -7.562040 -1.964338 4.623455
v -7.440293 -1.964338 4.506441
v -7.438572 -1.964338 4.458710
v -7.434891 -1.294502 4.452558
v -7.434891 -1.294502 4.452558
v -7.438572 -1.964338 4.458710
v -7.440293 -1.964338 4.506441
v -7.582273 -2.736842 4.588408
v -7.485484 -1.964338 4.566742
v -7.562040 -1.964338 4.623455
v -7.544004 -2.736842 4.560050
v -7.544004 -2.736842 4.560050
v -7.582273 -2.736842 4.588408
v -7.485484 -1.964338 4.566742
v -7.562040 -1.964338 4.623455
v -7.485484 -1.964338 4.566742
v -7.521409 -2.736842 4.529897
v -7.440293 -1.964338 4.506441
v -7.544004 -2.736842 4.560050
v -7.544004 -2.736842 4.560050
v -7.485484 -1.964338 4.566742
v -7.521409 -2.736842 4.529897
v -7.440293 -1.964338 4.506441
v -7.520530 -2.736842 4.506038
v -7.480759 -1.964338 4.436339
v -7.438572 -1.964338 4.458710
v -7.541642 -2.736842 4.494851
v -7.541642 -2.736842 4.494851
v -7.520530 -2.736842 4.506038
v -7.480759 -1.964338 4.436339
v -7.438572 -1.964338 4.458710
v -7.541642 -2.736842 4.494851
v -7.555576 -1.964338 4.445330
v -7.480759 -1.964338 4.436339
v -7.579051 -2.736842 4.499346
v -7.579051 -2.736842 4.499346
v -7.541642 -2.736842 4.494851
v -7.555576 -1.964338 4.445330
v -7.480759 -1.964338 4.436339
v -7.579051 -2.736842 4.499346
v -7.642972 -1.964338 4.483260
v -7.555576 -1.964338 4.445330
v -7.622739 -2.736842 4.518311
v -7.622739 -2.736842 4.518311
v -7.579051 -2.736842 4.499346
v -7.642972 -1.964338 4.483260
v -7.555576 -1.964338 4.445330
v -7.619718 -2.799610 4.542623
v -7.661008 -2.736842 4.546669
v -7.622739 -2.736842 4.518311
v -7.637534 -2.799610 4.555816
v -7.637534 -2.799610 4.555816
v -7.619718 -2.799610 4.542623
v -7.661008 -2.736842 4.546669
v -7.622739 -2.736842 4.518311
v -7.637534 -2.799610 4.555816
v -7.683604 -2.736842 4.576818
v -7.661008 -2.736842 4.546669
v -7.648045 -2.799610 4.569841
v -7.648045 -2.799610 4.569841
v -7.637534 -2.799610 4.555816
v -7.683604 -2.736842 4.576818
v -7.661008 -2.736842 4.546669
v -7.648448 -2.799610 4.580947
v -7.683604 -2.736842 4.576818
v -7.648045 -2.799610 4.569841
v -7.684483 -2.736842 4.600686
v -7.684483 -2.736842 4.600686
v -7.648448 -2.799610 4.580947
v -7.683604 -2.736842 4.576818
v -7.648045 -2.799610 4.569841
v -7.684483 -2.736842 4.600686
v -7.638633 -2.799610 4.586147
v -7.663371 -2.736842 4.611869
v -7.648448 -2.799610 4.580947
v -7.648448 -2.799610 4.580947
v -7.684483 -2.736842 4.600686
v -7.638633 -2.799610 4.586147
v -7.663371 -2.736842 4.611869
v -7.638633 -2.799610 4.586147
v -7.625962 -2.736842 4.607378
v -7.663371 -2.736842 4.611869
v -7.621220 -2.799610 4.584060
v -7.621220 -2.799610 4.584060
v -7.638633 -2.799610 4.586147
v -7.625962 -2.736842 4.607378
v -7.663371 -2.736842 4.611869
v -7.625962 -2.736842 4.607378
v -7.600895 -2.799610 4.575234
v -7.582273 -2.736842 4.588408
v -7.621220 -2.799610 4.584060
v -7.621220 -2.799610 4.584060
v -7.625962 -2.736842 4.607378
v -7.600895 -2.799610 4.575234
v -7.582273 -2.736842 4.588408
v -7.440293 -1.964338 4.506441
v -7.520530 -2.736842 4.506038
v -7.438572 -1.964338 4.458710
v -7.521409 -2.736842 4.529897
v -7.521409 -2.736842 4.529897
v -7.440293 -1.964338 4.506441
v -7.520530 -2.736842 4.506038
v -7.438572 -1.964338 4.458710
v -7.600895 -2.799610 4.575234
v -7.544004 -2.736842 4.560050
v -7.582273 -2.736842 4.588408
v -7.583097 -2.799610 4.562041
v -7.583097 -2.799610 4.562041
v -7.600895 -2.799610 4.575234
v -7.544004 -2.736842 4.560050
v -7.582273 -2.736842 4.588408
v -7.544004 -2.736842 4.560050
v -7.572587 -2.799610 4.548015
v -7.521409 -2.736842 4.529897
v -7.583097 -2.799610 4.562041
v -7.583097 -2.799610 4.562041
v -7.544004 -2.736842 4.560050
v -7.572587 -2.799610 4.548015
v -7.521409 -2.736842 4.529897
v -7.572184 -2.799610 4.536914
v -7.541642 -2.736842 4.494851
v -7.520530 -2.736842 4.506038
v -7.581998 -2.799610 4.531710
v -7.581998 -2.799610 4.531710
v -7.572184 -2.799610 4.536914
v -7.541642 -2.736842 4.494851
v -7.520530 -2.736842 4.506038
v -7.541642 -2.736842 4.494851
v -7.599393 -2.799610 4.533802
v -7.579051 -2.736842 4.499346
v -7.581998 -2.799610 4.531710
v -7.581998 -2.799610 4.531710
v -7.541642 -2.736842 4.494851
v -7.599393 -2.799610 4.533802
v -7.579051 -2.736842 4.499346
v -7.599393 -2.799610 4.533802
v -7.622739 -2.736842 4.518311
v -7.579051 -2.736842 4.499346
v -7.619718 -2.799610 4.542623
v -7.619718 -2.799610 4.542623
v -7.599393 -2.799610 4.533802
v -7.622739 -2.736842 4.518311
v -7.579051 -2.736842 4.499346
v -7.648045 -2.799610 4.569841
v -7.638633 -2.799610 4.586147
v -7.648448 -2.799610 4.580947
v -7.637534 -2.799610 4.555816
v -7.621220 -2.799610 4.584060
v -7.619718 -2.799610 4.542623
v -7.600895 -2.799610 4.575234
v -7.599393 -2.799610 4.533802
v -7.583097 -2.799610 4.562041
v -7.581998 -2.799610 4.531710
v -7.572587 -2.799610 4.548015
v -7.572184 -2.799610 4.536914
v -7.572184 -2.799610 4.536914
v -7.581998 -2.799610 4.531710
v -7.572587 -2.799610 4.548015
v -7.583097 -2.799610 4.562041
v -7.599393 -2.799610 4.533802
v -7.600895 -2.799610 4.575234
v -7.619718 -2.799610 4.542623
v -7.621220 -2.799610 4.584060
v -7.637534 -2.799610 4.555816
v -7.638633 -2.799610 4.586147
v -7.648045 -2.799610 4.569841
v -7.648448 -2.799610 4.580947
v -7.521409 -2.736842 4.529897
v -7.572184 -2.799610 4.536914
v -7.520530 -2.736842 4.506038
v -7.572587 -2.799610 4.548015
v -7.572587 -2.799610 4.548015
v -7.521409 -2.736842 4.529897
v -7.572184 -2.799610 4.536914
v -7.520530 -2.736842 4.506038
v -7.749339 0.074944 4.338634
v -7.534007 0.192223 4.370064
v -7.749339 0.192223 4.370064
v -7.534007 0.074944 4.338634
v -7.534007 0.074944 4.338634
v -7.749339 0.074944 4.338634
v -7.534007 0.192223 4.370064
v -7.749339 0.192223 4.370064
v -7.749339 -0.042335 4.370064
v -7.534007 0.074944 4.338634
v -7.749339 0.074944 4.338634
v -7.534007 -0.042335 4.370064
v -7.534007 -0.042335 4.370064
v -7.749339 -0.042335 4.370064
v -7.534007 0.074944 4.338634
v -7.749339 0.074944 4.338634
v -7.749339 0.192223 4.370064
v -7.534007 0.278081 4.455922
v -7.749339 0.278081 4.455922
v -7.534007 0.192223 4.370064
v -7.534007 0.192223 4.370064
v -7.749339 0.192223 4.370064
v -7.534007 0.278081 4.455922
v -7.749339 0.278081 4.455922
v -7.534007 -0.128193 4.455922
v -7.749339 -0.042335 4.370064
v -7.749339 -0.128193 4.455922
v -7.534007 -0.042335 4.370064
v -7.534007 -0.042335 4.370064
v -7.534007 -0.128193 4.455922
v -7.749339 -0.042335 4.370064
v -7.749339 -0.128193 4.455922
v -7.534007 0.278081 4.455922
v -7.749339 0.309502 4.573201
v -7.749339 0.278081 4.455922
v -7.534007 0.309502 4.573201
v -7.534007 0.309502 4.573201
v -7.534007 0.278081 4.455922
v -7.749339 0.309502 4.573201
v -7.749339 0.278081 4.455922
v -7.534007 -0.159614 4.573201
v -7.749339 -0.128193 4.455922
v -7.749339 -0.159614 4.573201
v -7.534007 -0.128193 4.455922
v -7.534007 -0.128193 4.455922
v -7.534007 -0.159614 4.573201
v -7.749339 -0.128193 4.455922
v -7.749339 -0.159614 4.573201
v -7.749339 0.309502 4.573201
v -7.534007 0.278081 4.690480
v -7.749339 0.278081 4.690480
v -7.534007 0.309502 4.573201
v -7.534007 0.309502 4.573201
v -7.749339 0.309502 4.573201
v -7.534007 0.278081 4.690480
v -7.749339 0.278081 4.690480
v -7.534007 -0.128193 4.690480
v -7.749339 -0.159614 4.573201
v -7.749339 -0.128193 4.690480
v -7.534007 -0.159614 4.573201
v -7.534007 -0.159614 4.573201
v -7.534007 -0.128193 4.690480
v -7.749339 -0.159614 4.573201
v -7.749339 -0.128193 4.690480
v -7.534007 0.192223 4.776339
v -7.749339 0.278081 4.690480
v -7.534007 0.278081 4.690480
v -7.749339 0.192223 4.776339
v -7.749339 0.192223 4.776339
v -7.534007 0.192223 4.776339
v -7.749339 0.278081 4.690480
v -7.534007 0.278081 4.690480
v -7.534007 -0.042335 4.776339
v -7.749339 -0.128193 4.690480
v -7.749339 -0.042335 4.776339
v -7.534007 -0.128193 4.690480
v -7.534007 -0.128193 4.690480
v -7.534007 -0.042335 4.776339
v -7.749339 -0.128193 4.690480
v -7.749339 -0.042335 4.776339
v -7.534007 0.074944 4.807769
v -7.749339 0.192223 4.776339
v -7.534007 0.192223 4.776339
v -7.749339 0.074944 4.807769
v -7.749339 0.074944 4.807769
v -7.534007 0.074944 4.807769
v -7.749339 0.192223 4.776339
v -7.534007 0.192223 4.776339
v -7.534007 -0.042335 4.776339
v -7.749339 0.074944 4.807769
v -7.534007 0.074944 4.807769
v -7.749339 -0.042335 4.776339
v -7.749339 -0.042335 4.776339
v -7.534007 -0.042335 4.776339
v -7.749339 0.074944 4.807769
v -7.534007 0.074944 4.807769
v -7.570096 0.404150 4.689739
v -7.597178 0.304174 4.720977
v -7.547245 0.404150 4.665166
v -7.601133 0.300493 4.725298
v -7.601133 0.300493 4.725298
v -7.570096 0.404150 4.689739
v -7.597178 0.304174 4.720977
v -7.547245 0.404150 4.665166
v -7.601133 0.300493 4.725298
v -7.570096 0.404150 4.689739
v -7.621384 0.320159 4.702172
v -7.621384 0.320159 4.702172
v -7.570096 0.404150 4.689739
v -7.601133 0.300493 4.725298
v -7.547245 0.404150 4.665166
v -7.567441 0.324187 4.697429
v -7.562131 0.324993 4.693913
v -7.597178 0.304174 4.720977
v -7.597178 0.304174 4.720977
v -7.547245 0.404150 4.665166
v -7.567441 0.324187 4.697429
v -7.562131 0.324993 4.693913
v -7.570096 0.404150 4.689739
v -7.547245 0.404150 4.665166
v -7.456223 0.907085 4.652485
v -7.456223 0.907085 4.652485
v -7.547245 0.404150 4.665166
v -7.570096 0.404150 4.689739
v -7.602177 0.404150 4.679888
v -7.621384 0.320159 4.702172
v -7.570096 0.404150 4.689739
v -7.628965 0.322924 4.698913
v -7.628965 0.322924 4.698913
v -7.602177 0.404150 4.679888
v -7.621384 0.320159 4.702172
v -7.570096 0.404150 4.689739
v -7.562131 0.324993 4.693913
v -7.544462 0.334240 4.653292
v -7.547245 0.404150 4.665166
v -7.547245 0.404150 4.665166
v -7.544462 0.334240 4.653292
v -7.562131 0.324993 4.693913
v -7.547245 0.404150 4.665166
v -7.485776 0.907085 4.578758
v -7.456223 0.907085 4.652485
v -7.456223 0.907085 4.652485
v -7.485776 0.907085 4.578758
v -7.547245 0.404150 4.665166
v -7.467484 0.907085 4.701558
v -7.570096 0.404150 4.689739
v -7.456223 0.907085 4.652485
v -7.456223 0.907085 4.652485
v -7.570096 0.404150 4.689739
v -7.467484 0.907085 4.701558
v -7.629056 0.324187 4.697429
v -7.602177 0.404150 4.679888
v -7.641837 0.333013 4.658638
v -7.628965 0.322924 4.698913
v -7.628965 0.322924 4.698913
v -7.629056 0.324187 4.697429
v -7.602177 0.404150 4.679888
v -7.641837 0.333013 4.658638
v -7.602177 0.404150 4.679888
v -7.570096 0.404150 4.689739
v -7.467484 0.907085 4.701558
v -7.467484 0.907085 4.701558
v -7.570096 0.404150 4.689739
v -7.602177 0.404150 4.679888
v -7.547245 0.404150 4.665166
v -7.541422 0.339202 4.631530
v -7.539738 0.404150 4.612743
v -7.544462 0.334240 4.653292
v -7.544462 0.334240 4.653292
v -7.547245 0.404150 4.665166
v -7.541422 0.339202 4.631530
v -7.539738 0.404150 4.612743
v -7.547245 0.404150 4.665166
v -7.539738 0.404150 4.612743
v -7.485776 0.907085 4.578758
v -7.485776 0.907085 4.578758
v -7.539738 0.404150 4.612743
v -7.547245 0.404150 4.665166
v -7.468601 1.318871 4.581322
v -7.456223 0.907085 4.652485
v -7.485776 0.907085 4.578758
v -7.434891 1.318871 4.665371
v -7.434891 1.318871 4.665371
v -7.468601 1.318871 4.581322
v -7.456223 0.907085 4.652485
v -7.485776 0.907085 4.578758
v -7.434891 1.318871 4.665371
v -7.467484 0.907085 4.701558
v -7.456223 0.907085 4.652485
v -7.447727 1.318871 4.721306
v -7.447727 1.318871 4.721306
v -7.434891 1.318871 4.665371
v -7.467484 0.907085 4.701558
v -7.456223 0.907085 4.652485
v -7.653190 0.336657 4.642694
v -7.602177 0.404150 4.679888
v -7.634898 0.404150 4.638240
v -7.641837 0.333013 4.658638
v -7.641837 0.333013 4.658638
v -7.653190 0.336657 4.642694
v -7.602177 0.404150 4.679888
v -7.634898 0.404150 4.638240
v -7.602177 0.404150 4.679888
v -7.467484 0.907085 4.701558
v -7.516556 0.907085 4.712819
v -7.516556 0.907085 4.712819
v -7.467484 0.907085 4.701558
v -7.602177 0.404150 4.679888
v -7.541422 0.339202 4.631530
v -7.536570 0.348980 4.588536
v -7.539738 0.404150 4.612743
v -7.539738 0.404150 4.612743
v -7.536570 0.348980 4.588536
v -7.541422 0.339202 4.631530
v -7.539738 0.404150 4.612743
v -7.549589 0.404150 4.546523
v -7.485776 0.907085 4.578758
v -7.485776 0.907085 4.578758
v -7.549589 0.404150 4.546523
v -7.539738 0.404150 4.612743
v -7.434891 1.318871 4.665371
v -7.468601 1.318871 4.581322
v -7.440531 1.914129 4.609044
v -7.440531 1.914129 4.609044
v -7.468601 1.318871 4.581322
v -7.434891 1.318871 4.665371
v -7.468601 1.318871 4.581322
v -7.548252 0.907085 4.500128
v -7.539811 1.318871 4.491683
v -7.485776 0.907085 4.578758
v -7.485776 0.907085 4.578758
v -7.468601 1.318871 4.581322
v -7.548252 0.907085 4.500128
v -7.539811 1.318871 4.491683
v -7.447727 1.318871 4.721306
v -7.434891 1.318871 4.665371
v -7.438736 1.914129 4.658940
v -7.438736 1.914129 4.658940
v -7.434891 1.318871 4.665371
v -7.447727 1.318871 4.721306
v -7.503666 1.318871 4.734150
v -7.467484 0.907085 4.701558
v -7.447727 1.318871 4.721306
v -7.516556 0.907085 4.712819
v -7.516556 0.907085 4.712819
v -7.503666 1.318871 4.734150
v -7.467484 0.907085 4.701558
v -7.447727 1.318871 4.721306
v -7.653190 0.336657 4.642694
v -7.634898 0.404150 4.638240
v -7.655369 0.346380 4.599990
v -7.655369 0.346380 4.599990
v -7.634898 0.404150 4.638240
v -7.653190 0.336657 4.642694
v -7.590275 0.907085 4.683257
v -7.634898 0.404150 4.638240
v -7.602177 0.404150 4.679888
v -7.602177 0.404150 4.679888
v -7.634898 0.404150 4.638240
v -7.590275 0.907085 4.683257
v -7.602177 0.404150 4.679888
v -7.516556 0.907085 4.712819
v -7.590275 0.907085 4.683257
v -7.590275 0.907085 4.683257
v -7.516556 0.907085 4.712819
v -7.602177 0.404150 4.679888
v -7.539738 0.404150 4.612743
v -7.542228 0.352862 4.553756
v -7.549589 0.404150 4.546523
v -7.541148 0.354876 4.562636
v -7.536570 0.348980 4.588536
v -7.536570 0.348980 4.588536
v -7.539738 0.404150 4.612743
v -7.541148 0.354876 4.562636
v -7.542228 0.352862 4.553756
v -7.549589 0.404150 4.546523
v -7.485776 0.907085 4.578758
v -7.549589 0.404150 4.546523
v -7.548252 0.907085 4.500128
v -7.548252 0.907085 4.500128
v -7.549589 0.404150 4.546523
v -7.485776 0.907085 4.578758
v -7.440531 1.914129 4.609044
v -7.468601 1.318871 4.581322
v -7.487791 1.914129 4.546000
v -7.487791 1.914129 4.546000
v -7.468601 1.318871 4.581322
v -7.440531 1.914129 4.609044
v -7.434891 1.318871 4.665371
v -7.440531 1.914129 4.609044
v -7.438736 1.914129 4.658940
v -7.438736 1.914129 4.658940
v -7.440531 1.914129 4.609044
v -7.434891 1.318871 4.665371
v -7.468601 1.318871 4.581322
v -7.539811 1.318871 4.491683
v -7.487791 1.914129 4.546000
v -7.487791 1.914129 4.546000
v -7.539811 1.318871 4.491683
v -7.468601 1.318871 4.581322
v -7.548252 0.907085 4.500128
v -7.629441 1.318871 4.420473
v -7.539811 1.318871 4.491683
v -7.626877 0.907085 4.437666
v -7.626877 0.907085 4.437666
v -7.548252 0.907085 4.500128
v -7.629441 1.318871 4.420473
v -7.539811 1.318871 4.491683
v -7.503666 1.318871 4.734150
v -7.447727 1.318871 4.721306
v -7.438736 1.914129 4.658940
v -7.438736 1.914129 4.658940
v -7.447727 1.318871 4.721306
v -7.503666 1.318871 4.734150
v -7.590275 0.907085 4.683257
v -7.503666 1.318871 4.734150
v -7.587711 1.318871 4.700450
v -7.516556 0.907085 4.712819
v -7.516556 0.907085 4.712819
v -7.590275 0.907085 4.683257
v -7.503666 1.318871 4.734150
v -7.587711 1.318871 4.700450
v -7.655369 0.346380 4.599990
v -7.659470 0.404150 4.575966
v -7.666575 0.353209 4.570015
v -7.634898 0.404150 4.638240
v -7.634898 0.404150 4.638240
v -7.655369 0.346380 4.599990
v -7.659470 0.404150 4.575966
v -7.666575 0.353209 4.570015
v -7.634898 0.404150 4.638240
v -7.590275 0.907085 4.683257
v -7.668919 0.907085 4.620790
v -7.668919 0.907085 4.620790
v -7.590275 0.907085 4.683257
v -7.634898 0.404150 4.638240
v -7.549589 0.404150 4.546523
v -7.553342 0.346105 4.524088
v -7.574162 0.404150 4.484249
v -7.542228 0.352862 4.553756
v -7.542228 0.352862 4.553756
v -7.549589 0.404150 4.546523
v -7.553342 0.346105 4.524088
v -7.574162 0.404150 4.484249
v -7.549589 0.404150 4.546523
v -7.574162 0.404150 4.484249
v -7.548252 0.907085 4.500128
v -7.548252 0.907085 4.500128
v -7.574162 0.404150 4.484249
v -7.549589 0.404150 4.546523
v -7.548948 2.600591 4.552995
v -7.440531 1.914129 4.609044
v -7.487791 1.914129 4.546000
v -7.525327 2.600591 4.584517
v -7.525327 2.600591 4.584517
v -7.548948 2.600591 4.552995
v -7.440531 1.914129 4.609044
v -7.487791 1.914129 4.546000
v -7.524430 2.600591 4.609465
v -7.440531 1.914129 4.609044
v -7.525327 2.600591 4.584517
v -7.438736 1.914129 4.658940
v -7.438736 1.914129 4.658940
v -7.524430 2.600591 4.609465
v -7.440531 1.914129 4.609044
v -7.525327 2.600591 4.584517
v -7.539811 1.318871 4.491683
v -7.567808 1.914129 4.486702
v -7.487791 1.914129 4.546000
v -7.487791 1.914129 4.546000
v -7.567808 1.914129 4.486702
v -7.539811 1.318871 4.491683
v -7.629441 1.318871 4.420473
v -7.700614 0.907085 4.408104
v -7.713486 1.318871 4.386772
v -7.626877 0.907085 4.437666
v -7.626877 0.907085 4.437666
v -7.629441 1.318871 4.420473
v -7.700614 0.907085 4.408104
v -7.713486 1.318871 4.386772
v -7.629441 1.318871 4.420473
v -7.659177 1.914129 4.447046
v -7.539811 1.318871 4.491683
v -7.539811 1.318871 4.491683
v -7.659177 1.914129 4.447046
v -7.629441 1.318871 4.420473
v -7.574162 0.404150 4.484249
v -7.626877 0.907085 4.437666
v -7.548252 0.907085 4.500128
v -7.548252 0.907085 4.500128
v -7.626877 0.907085 4.437666
v -7.574162 0.404150 4.484249
v -7.503666 1.318871 4.734150
v -7.438736 1.914129 4.658940
v -7.482847 1.914129 4.682323
v -7.482847 1.914129 4.682323
v -7.438736 1.914129 4.658940
v -7.503666 1.318871 4.734150
v -7.503666 1.318871 4.734150
v -7.482847 1.914129 4.682323
v -7.587711 1.318871 4.700450
v -7.587711 1.318871 4.700450
v -7.482847 1.914129 4.682323
v -7.503666 1.318871 4.734150
v -7.677360 1.318871 4.629236
v -7.590275 0.907085 4.683257
v -7.587711 1.318871 4.700450
v -7.668919 0.907085 4.620790
v -7.668919 0.907085 4.620790
v -7.677360 1.318871 4.629236
v -7.590275 0.907085 4.683257
v -7.587711 1.318871 4.700450
v -7.672269 0.348687 4.535431
v -7.659470 0.404150 4.575966
v -7.669322 0.404150 4.509746
v -7.667472 0.354876 4.562636
v -7.666575 0.353209 4.570015
v -7.666575 0.353209 4.570015
v -7.667472 0.354876 4.562636
v -7.659470 0.404150 4.575966
v -7.672269 0.348687 4.535431
v -7.669322 0.404150 4.509746
v -7.634898 0.404150 4.638240
v -7.668919 0.907085 4.620790
v -7.659470 0.404150 4.575966
v -7.659470 0.404150 4.575966
v -7.668919 0.907085 4.620790
v -7.634898 0.404150 4.638240
v -7.553342 0.346105 4.524088
v -7.555503 0.336382 4.481429
v -7.574162 0.404150 4.484249
v -7.574162 0.404150 4.484249
v -7.555503 0.336382 4.481429
v -7.553342 0.346105 4.524088
v -7.578831 2.656365 4.565575
v -7.548948 2.600591 4.552995
v -7.589817 2.656365 4.550908
v -7.525327 2.600591 4.584517
v -7.525327 2.600591 4.584517
v -7.578831 2.656365 4.565575
v -7.548948 2.600591 4.552995
v -7.589817 2.656365 4.550908
v -7.548948 2.600591 4.552995
v -7.567808 1.914129 4.486702
v -7.588974 2.600591 4.523346
v -7.487791 1.914129 4.546000
v -7.487791 1.914129 4.546000
v -7.548948 2.600591 4.552995
v -7.567808 1.914129 4.486702
v -7.588974 2.600591 4.523346
v -7.578410 2.656365 4.577183
v -7.525327 2.600591 4.584517
v -7.578831 2.656365 4.565575
v -7.524430 2.600591 4.609465
v -7.524430 2.600591 4.609465
v -7.578410 2.656365 4.577183
v -7.525327 2.600591 4.584517
v -7.578831 2.656365 4.565575
v -7.482847 1.914129 4.682323
v -7.524430 2.600591 4.609465
v -7.546494 2.600591 4.621156
v -7.438736 1.914129 4.658940
v -7.438736 1.914129 4.658940
v -7.482847 1.914129 4.682323
v -7.524430 2.600591 4.609465
v -7.546494 2.600591 4.621156
v -7.539811 1.318871 4.491683
v -7.659177 1.914129 4.447046
v -7.567808 1.914129 4.486702
v -7.567808 1.914129 4.486702
v -7.659177 1.914129 4.447046
v -7.539811 1.318871 4.491683
v -7.713486 1.318871 4.386772
v -7.749668 0.907085 4.419365
v -7.769425 1.318871 4.399608
v -7.700614 0.907085 4.408104
v -7.700614 0.907085 4.408104
v -7.713486 1.318871 4.386772
v -7.749668 0.907085 4.419365
v -7.769425 1.318871 4.399608
v -7.629441 1.318871 4.420473
v -7.713486 1.318871 4.386772
v -7.737400 1.914129 4.437648
v -7.737400 1.914129 4.437648
v -7.713486 1.318871 4.386772
v -7.629441 1.318871 4.420473
v -7.606883 0.404150 4.442606
v -7.700614 0.907085 4.408104
v -7.626877 0.907085 4.437666
v -7.626877 0.907085 4.437666
v -7.700614 0.907085 4.408104
v -7.606883 0.404150 4.442606
v -7.629441 1.318871 4.420473
v -7.737400 1.914129 4.437648
v -7.659177 1.914129 4.447046
v -7.659177 1.914129 4.447046
v -7.737400 1.914129 4.437648
v -7.629441 1.318871 4.420473
v -7.574162 0.404150 4.484249
v -7.606883 0.404150 4.442606
v -7.626877 0.907085 4.437666
v -7.626877 0.907085 4.437666
v -7.606883 0.404150 4.442606
v -7.574162 0.404150 4.484249
v -7.587711 1.318871 4.700450
v -7.482847 1.914129 4.682323
v -7.561069 1.914129 4.672929
v -7.561069 1.914129 4.672929
v -7.482847 1.914129 4.682323
v -7.587711 1.318871 4.700450
v -7.677360 1.318871 4.629236
v -7.587711 1.318871 4.700450
v -7.561069 1.914129 4.672929
v -7.561069 1.914129 4.672929
v -7.587711 1.318871 4.700450
v -7.677360 1.318871 4.629236
v -7.731376 0.907085 4.542160
v -7.677360 1.318871 4.629236
v -7.748569 1.318871 4.539597
v -7.668919 0.907085 4.620790
v -7.668919 0.907085 4.620790
v -7.731376 0.907085 4.542160
v -7.677360 1.318871 4.629236
v -7.748569 1.318871 4.539597
v -7.672269 0.348687 4.535431
v -7.669322 0.404150 4.509746
v -7.667344 0.338909 4.492461
v -7.667344 0.338909 4.492461
v -7.669322 0.404150 4.509746
v -7.672269 0.348687 4.535431
v -7.668919 0.907085 4.620790
v -7.669322 0.404150 4.509746
v -7.659470 0.404150 4.575966
v -7.659470 0.404150 4.575966
v -7.669322 0.404150 4.509746
v -7.668919 0.907085 4.620790
v -7.574162 0.404150 4.484249
v -7.566782 0.332793 4.465654
v -7.606883 0.404150 4.442606
v -7.555503 0.336382 4.481429
v -7.555503 0.336382 4.481429
v -7.574162 0.404150 4.484249
v -7.566782 0.332793 4.465654
v -7.606883 0.404150 4.442606
v -7.657731 2.656365 4.542755
v -7.647880 2.656365 4.525712
v -7.658152 2.656365 4.531151
v -7.646744 2.656365 4.557417
v -7.629697 2.656365 4.527892
v -7.628123 2.656365 4.571209
v -7.608439 2.656365 4.537120
v -7.606864 2.656365 4.580433
v -7.589817 2.656365 4.550908
v -7.588682 2.656365 4.582622
v -7.578831 2.656365 4.565575
v -7.578410 2.656365 4.577183
v -7.578410 2.656365 4.577183
v -7.588682 2.656365 4.582622
v -7.578831 2.656365 4.565575
v -7.589817 2.656365 4.550908
v -7.606864 2.656365 4.580433
v -7.608439 2.656365 4.537120
v -7.628123 2.656365 4.571209
v -7.629697 2.656365 4.527892
v -7.646744 2.656365 4.557417
v -7.647880 2.656365 4.525712
v -7.657731 2.656365 4.542755
v -7.658152 2.656365 4.531151
v -7.548948 2.600591 4.552995
v -7.608439 2.656365 4.537120
v -7.589817 2.656365 4.550908
v -7.588974 2.600591 4.523346
v -7.588974 2.600591 4.523346
v -7.548948 2.600591 4.552995
v -7.608439 2.656365 4.537120
v -7.589817 2.656365 4.550908
v -7.567808 1.914129 4.486702
v -7.634641 2.600591 4.503520
v -7.588974 2.600591 4.523346
v -7.659177 1.914129 4.447046
v -7.659177 1.914129 4.447046
v -7.567808 1.914129 4.486702
v -7.634641 2.600591 4.503520
v -7.588974 2.600591 4.523346
v -7.546494 2.600591 4.621156
v -7.578410 2.656365 4.577183
v -7.588682 2.656365 4.582622
v -7.524430 2.600591 4.609465
v -7.524430 2.600591 4.609465
v -7.546494 2.600591 4.621156
v -7.578410 2.656365 4.577183
v -7.588682 2.656365 4.582622
v -7.561069 1.914129 4.672929
v -7.546494 2.600591 4.621156
v -7.585587 2.600591 4.616459
v -7.482847 1.914129 4.682323
v -7.482847 1.914129 4.682323
v -7.561069 1.914129 4.672929
v -7.546494 2.600591 4.621156
v -7.585587 2.600591 4.616459
v -7.749668 0.907085 4.419365
v -7.782261 1.318871 4.455546
v -7.769425 1.318871 4.399608
v -7.760947 0.907085 4.468432
v -7.760947 0.907085 4.468432
v -7.749668 0.907085 4.419365
v -7.782261 1.318871 4.455546
v -7.769425 1.318871 4.399608
v -7.713486 1.318871 4.386772
v -7.769425 1.318871 4.399608
v -7.781510 1.914129 4.461035
v -7.781510 1.914129 4.461035
v -7.769425 1.318871 4.399608
v -7.713486 1.318871 4.386772
v -7.606883 0.404150 4.442606
v -7.749668 0.907085 4.419365
v -7.700614 0.907085 4.408104
v -7.700614 0.907085 4.408104
v -7.749668 0.907085 4.419365
v -7.606883 0.404150 4.442606
v -7.713486 1.318871 4.386772
v -7.781510 1.914129 4.461035
v -7.737400 1.914129 4.437648
v -7.737400 1.914129 4.437648
v -7.781510 1.914129 4.461035
v -7.713486 1.318871 4.386772
v -7.634641 2.600591 4.503520
v -7.737400 1.914129 4.437648
v -7.673752 2.600591 4.498819
v -7.659177 1.914129 4.447046
v -7.659177 1.914129 4.447046
v -7.634641 2.600591 4.503520
v -7.737400 1.914129 4.437648
v -7.673752 2.600591 4.498819
v -7.677360 1.318871 4.629236
v -7.561069 1.914129 4.672929
v -7.652439 1.914129 4.633269
v -7.652439 1.914129 4.633269
v -7.561069 1.914129 4.672929
v -7.677360 1.318871 4.629236
v -7.668919 0.907085 4.620790
v -7.731376 0.907085 4.542160
v -7.669322 0.404150 4.509746
v -7.669322 0.404150 4.509746
v -7.731376 0.907085 4.542160
v -7.668919 0.907085 4.620790
v -7.677360 1.318871 4.629236
v -7.732456 1.914129 4.573979
v -7.748569 1.318871 4.539597
v -7.748569 1.318871 4.539597
v -7.732456 1.914129 4.573979
v -7.677360 1.318871 4.629236
v -7.760947 0.907085 4.468432
v -7.748569 1.318871 4.539597
v -7.782261 1.318871 4.455546
v -7.731376 0.907085 4.542160
v -7.731376 0.907085 4.542160
v -7.760947 0.907085 4.468432
v -7.748569 1.318871 4.539597
v -7.782261 1.318871 4.455546
v -7.664304 0.334002 4.470942
v -7.669322 0.404150 4.509746
v -7.661814 0.404150 4.457328
v -7.667344 0.338909 4.492461
v -7.667344 0.338909 4.492461
v -7.664304 0.334002 4.470942
v -7.669322 0.404150 4.509746
v -7.661814 0.404150 4.457328
v -7.606883 0.404150 4.442606
v -7.579307 0.324187 4.427838
v -7.579472 0.322100 4.425380
v -7.566782 0.332793 4.465654
v -7.566782 0.332793 4.465654
v -7.606883 0.404150 4.442606
v -7.579307 0.324187 4.427838
v -7.579472 0.322100 4.425380
v -7.671299 2.600591 4.566985
v -7.657731 2.656365 4.542755
v -7.694920 2.600591 4.535463
v -7.646744 2.656365 4.557417
v -7.646744 2.656365 4.557417
v -7.671299 2.600591 4.566985
v -7.657731 2.656365 4.542755
v -7.694920 2.600591 4.535463
v -7.671299 2.600591 4.566985
v -7.628123 2.656365 4.571209
v -7.646744 2.656365 4.557417
v -7.631272 2.600591 4.596629
v -7.631272 2.600591 4.596629
v -7.671299 2.600591 4.566985
v -7.628123 2.656365 4.571209
v -7.646744 2.656365 4.557417
v -7.631272 2.600591 4.596629
v -7.606864 2.656365 4.580433
v -7.628123 2.656365 4.571209
v -7.585587 2.600591 4.616459
v -7.585587 2.600591 4.616459
v -7.631272 2.600591 4.596629
v -7.606864 2.656365 4.580433
v -7.628123 2.656365 4.571209
v -7.606864 2.656365 4.580433
v -7.546494 2.600591 4.621156
v -7.588682 2.656365 4.582622
v -7.585587 2.600591 4.616459
v -7.585587 2.600591 4.616459
v -7.606864 2.656365 4.580433
v -7.546494 2.600591 4.621156
v -7.588682 2.656365 4.582622
v -7.608439 2.656365 4.537120
v -7.634641 2.600591 4.503520
v -7.629697 2.656365 4.527892
v -7.588974 2.600591 4.523346
v -7.588974 2.600591 4.523346
v -7.608439 2.656365 4.537120
v -7.634641 2.600591 4.503520
v -7.629697 2.656365 4.527892
v -7.629697 2.656365 4.527892
v -7.673752 2.600591 4.498819
v -7.647880 2.656365 4.525712
v -7.634641 2.600591 4.503520
v -7.634641 2.600591 4.503520
v -7.629697 2.656365 4.527892
v -7.673752 2.600591 4.498819
v -7.647880 2.656365 4.525712
v -7.673752 2.600591 4.498819
v -7.658152 2.656365 4.531151
v -7.647880 2.656365 4.525712
v -7.695817 2.600591 4.510515
v -7.695817 2.600591 4.510515
v -7.673752 2.600591 4.498819
v -7.658152 2.656365 4.531151
v -7.647880 2.656365 4.525712
v -7.694920 2.600591 4.535463
v -7.658152 2.656365 4.531151
v -7.695817 2.600591 4.510515
v -7.657731 2.656365 4.542755
v -7.657731 2.656365 4.542755
v -7.694920 2.600591 4.535463
v -7.658152 2.656365 4.531151
v -7.695817 2.600591 4.510515
v -7.631272 2.600591 4.596629
v -7.561069 1.914129 4.672929
v -7.585587 2.600591 4.616459
v -7.652439 1.914129 4.633269
v -7.652439 1.914129 4.633269
v -7.631272 2.600591 4.596629
v -7.561069 1.914129 4.672929
v -7.585587 2.600591 4.616459
v -7.760947 0.907085 4.468432
v -7.749668 0.907085 4.419365
v -7.638962 0.404150 4.432750
v -7.638962 0.404150 4.432750
v -7.749668 0.907085 4.419365
v -7.760947 0.907085 4.468432
v -7.781510 1.914129 4.461035
v -7.769425 1.318871 4.399608
v -7.782261 1.318871 4.455546
v -7.782261 1.318871 4.455546
v -7.769425 1.318871 4.399608
v -7.781510 1.914129 4.461035
v -7.606883 0.404150 4.442606
v -7.638962 0.404150 4.432750
v -7.749668 0.907085 4.419365
v -7.749668 0.907085 4.419365
v -7.638962 0.404150 4.432750
v -7.606883 0.404150 4.442606
v -7.737400 1.914129 4.437648
v -7.695817 2.600591 4.510515
v -7.673752 2.600591 4.498819
v -7.781510 1.914129 4.461035
v -7.781510 1.914129 4.461035
v -7.737400 1.914129 4.437648
v -7.695817 2.600591 4.510515
v -7.673752 2.600591 4.498819
v -7.677360 1.318871 4.629236
v -7.652439 1.914129 4.633269
v -7.732456 1.914129 4.573979
v -7.732456 1.914129 4.573979
v -7.652439 1.914129 4.633269
v -7.677360 1.318871 4.629236
v -7.731376 0.907085 4.542160
v -7.661814 0.404150 4.457328
v -7.669322 0.404150 4.509746
v -7.669322 0.404150 4.509746
v -7.661814 0.404150 4.457328
v -7.731376 0.907085 4.542160
v -7.732456 1.914129 4.573979
v -7.779697 1.914129 4.510936
v -7.748569 1.318871 4.539597
v -7.748569 1.318871 4.539597
v -7.779697 1.914129 4.510936
v -7.732456 1.914129 4.573979
v -7.731376 0.907085 4.542160
v -7.760947 0.907085 4.468432
v -7.661814 0.404150 4.457328
v -7.661814 0.404150 4.457328
v -7.760947 0.907085 4.468432
v -7.731376 0.907085 4.542160
v -7.748569 1.318871 4.539597
v -7.779697 1.914129 4.510936
v -7.782261 1.318871 4.455546
v -7.782261 1.318871 4.455546
v -7.779697 1.914129 4.510936
v -7.748569 1.318871 4.539597
v -7.664304 0.334002 4.470942
v -7.661814 0.404150 4.457328
v -7.646543 0.324773 4.430429
v -7.646543 0.324773 4.430429
v -7.661814 0.404150 4.457328
v -7.664304 0.334002 4.470942
v -7.606883 0.404150 4.442606
v -7.586887 0.319463 4.422276
v -7.638962 0.404150 4.432750
v -7.579472 0.322100 4.425380
v -7.579472 0.322100 4.425380
v -7.606883 0.404150 4.442606
v -7.586887 0.319463 4.422276
v -7.638962 0.404150 4.432750
v -7.732456 1.914129 4.573979
v -7.694920 2.600591 4.535463
v -7.779697 1.914129 4.510936
v -7.671299 2.600591 4.566985
v -7.671299 2.600591 4.566985
v -7.732456 1.914129 4.573979
v -7.694920 2.600591 4.535463
v -7.779697 1.914129 4.510936
v -7.732456 1.914129 4.573979
v -7.631272 2.600591 4.596629
v -7.671299 2.600591 4.566985
v -7.652439 1.914129 4.633269
v -7.652439 1.914129 4.633269
v -7.732456 1.914129 4.573979
v -7.631272 2.600591 4.596629
v -7.671299 2.600591 4.566985
v -7.779697 1.914129 4.510936
v -7.695817 2.600591 4.510515
v -7.781510 1.914129 4.461035
v -7.694920 2.600591 4.535463
v -7.694920 2.600591 4.535463
v -7.779697 1.914129 4.510936
v -7.695817 2.600591 4.510515
v -7.781510 1.914129 4.461035
v -7.760947 0.907085 4.468432
v -7.638962 0.404150 4.432750
v -7.661814 0.404150 4.457328
v -7.661814 0.404150 4.457328
v -7.638962 0.404150 4.432750
v -7.760947 0.907085 4.468432
v -7.779697 1.914129 4.510936
v -7.781510 1.914129 4.461035
v -7.782261 1.318871 4.455546
v -7.782261 1.318871 4.455546
v -7.781510 1.914129 4.461035
v -7.779697 1.914129 4.510936
v -7.661814 0.404150 4.457328
v -7.642606 0.324187 4.427838
v -7.646543 0.324773 4.430429
v -7.611167 0.303625 4.403655
v -7.611167 0.303625 4.403655
v -7.661814 0.404150 4.457328
v -7.642606 0.324187 4.427838
v -7.646543 0.324773 4.430429
v -7.607395 0.300200 4.399617
v -7.638962 0.404150 4.432750
v -7.586887 0.319463 4.422276
v -7.586887 0.319463 4.422276
v -7.638962 0.404150 4.432750
v -7.607395 0.300200 4.399617
v -7.611167 0.303625 4.403655
v -7.638962 0.404150 4.432750
v -7.607395 0.300200 4.399617
v -7.661814 0.404150 4.457328
v -7.661814 0.404150 4.457328
v -7.611167 0.303625 4.403655
v -7.638962 0.404150 4.432750
v -7.607395 0.300200 4.399617
vn -0.7915 -0.5292 0.3057
vn -0.7915 -0.3057 0.5292
vn 0.7915 0.3057 -0.5292
vn 0.7915 0.5292 -0.3057
vn -0.0261 -0.5490 0.8354
vn -0.0000 -0.5002 0.8659
vn 0.1460 -0.8801 0.4518
vn -0.1460 0.8801 -0.4518
vn -0.0000 0.5002 -0.8659
vn 0.0261 0.5490 -0.8354
vn -0.7915 -0.3055 0.5293
vn -0.7915 -0.0000 0.6112
vn 0.7915 -0.0000 -0.6112
vn 0.7915 0.3055 -0.5293
vn 0.7915 0.0001 -0.6112
vn -1.0000 -0.0000 -0.0000
vn 1.0000 -0.0000 -0.0000
vn -0.7915 -0.5293 0.3055
vn -0.7915 -0.6112 0.0001
vn 0.7915 0.5293 -0.3055
vn 0.7915 0.6112 -0.0001
vn -0.0261 -0.5488 0.8355
vn 0.1461 -0.8801 0.4517
vn 0.2075 -0.9188 0.3358
vn -0.2075 0.9188 -0.3358
vn -0.1461 0.8801 -0.4517
vn 0.0260 0.5488 -0.8355
vn -0.0000 -0.4999 0.8661
vn -0.0000 -0.0001 1.0000
vn -0.0261 -0.5487 0.8356
vn 0.0261 0.5487 -0.8356
vn -0.0000 0.4999 -0.8661
vn -0.0000 0.0001 -1.0000
vn -0.7915 0.3055 0.5293
vn 0.7915 -0.0001 -0.6112
vn 0.7915 -0.3055 -0.5293
vn -0.7915 -0.5292 -0.3057
vn -0.7915 -0.3057 -0.5292
vn 0.7915 0.5292 0.3057
vn 0.7915 0.3057 0.5292
vn -0.7915 -0.6111 -0.0001
vn -0.7915 -0.5293 -0.3056
vn 0.7915 0.6111 0.0001
vn 0.7915 0.5293 0.3056
vn 0.7915 0.5294 0.3055
vn -0.7915 0.3057 0.5292
vn -0.7916 0.5291 0.3056
vn 0.7915 -0.3057 -0.5292
vn 0.7916 -0.5291 -0.3056
vn -0.7916 0.5292 0.3055
vn -0.7916 0.6111 0.0001
vn 0.7916 -0.5292 -0.3055
vn 0.7916 -0.6111 -0.0001
vn -0.7916 0.5292 -0.3055
vn -0.7916 0.6111 -0.0001
vn 0.7915 -0.6111 0.0001
vn 0.7916 -0.5292 0.3055
vn 0.7916 -0.6111 0.0001
vn -0.7915 0.3056 -0.5292
vn -0.7916 0.5292 -0.3057
vn -0.7916 0.5291 -0.3056
vn 0.7916 -0.5291 0.3056
vn 0.7915 -0.3057 0.5292
vn -0.7915 -0.0000 -0.6112
vn -0.7915 0.3055 -0.5293
vn -0.7915 0.0001 -0.6112
vn 0.7915 -0.3055 0.5293
vn 0.7915 -0.0001 0.6112
vn -0.7915 -0.3055 -0.5293
vn -0.7915 -0.0001 -0.6112
vn 0.7915 0.3055 0.5293
vn 0.7915 0.0001 0.6112
vn 0.2106 -0.9404 0.2670
vn 0.1464 -0.8801 0.4518
vn 0.1497 -0.9871 0.0567
vn -0.1497 0.9871 -0.0567
vn -0.1463 0.8801 -0.4517
vn -0.2106 0.9404 -0.2670
vn -0.0265 -0.5487 0.8356
vn 0.2072 -0.9188 0.3359
vn 0.1728 -0.8679 0.4657
vn -0.1728 0.8680 -0.4656
vn -0.2072 0.9189 -0.3358
vn 0.0265 0.5487 -0.8356
vn 0.2089 -0.9174 0.3387
vn 0.1474 -0.8784 0.4546
vn 0.1126 -0.9807 0.1598
vn -0.1126 0.9807 -0.1598
vn -0.1474 0.8784 -0.4546
vn -0.2089 0.9174 -0.3387
vn -0.0000 0.0001 1.0000
vn -0.0000 0.4999 0.8661
vn -0.0000 -0.0001 -1.0000
vn -0.0000 -0.4999 -0.8661
vn 0.0009 -0.4984 -0.8669
vn 0.0122 -0.8706 -0.4918
vn -0.0000 -0.5002 -0.8659
vn -0.0000 0.5002 0.8659
vn -0.0123 0.8706 0.4918
vn -0.0009 0.4984 0.8669
vn 0.0254 -0.9672 -0.2526
vn 0.1493 -0.9872 0.0564
vn 0.0121 -0.8706 -0.4918
vn -0.0121 0.8706 0.4918
vn -0.1493 0.9872 -0.0564
vn -0.0254 0.9672 0.2526
vn -0.0000 0.5000 0.8660
vn -0.0000 0.8659 0.5001
vn -0.0000 0.8660 0.5001
vn -0.0000 -0.5000 -0.8660
vn -0.0000 -0.8659 -0.5001
vn -0.0000 -0.8660 -0.5001
vn -0.0001 0.8661 0.4999
vn -0.0000 1.0000 0.0001
vn -0.0000 0.8661 0.4999
vn -0.0000 -1.0000 -0.0001
vn -0.0000 -0.8661 -0.4999
vn -0.0000 1.0000 -0.0001
vn -0.0000 0.8661 -0.4999
vn -0.0000 -0.8661 0.4999
vn -0.0000 -1.0000 0.0001
vn -0.0000 0.5000 -0.8660
vn -0.0000 0.8659 -0.5001
vn -0.0000 0.8660 -0.5001
vn -0.0000 -0.5000 0.8660
vn -0.0000 -0.8659 0.5001
vn -0.0000 -0.8659 0.5002
vn 0.0009 -0.4981 -0.8671
vn -0.0000 0.4981 0.8671
vn 0.1043 -0.9926 -0.0630
vn 0.2106 -0.9404 0.2671
vn 0.1496 -0.9871 0.0569
vn -0.1496 0.9871 -0.0569
vn -0.2106 0.9404 -0.2671
vn -0.1042 0.9926 0.0630
vn 0.1740 -0.9563 0.2350
vn 0.1457 -0.8803 0.4515
vn 0.2101 -0.9406 0.2667
vn -0.2100 0.9406 -0.2667
vn -0.1457 0.8803 -0.4515
vn -0.1740 0.9563 -0.2350
vn -0.0262 -0.5489 0.8355
vn 0.1728 -0.8680 0.4656
vn -0.1239 -0.7964 0.5919
vn 0.1239 0.7965 -0.5919
vn 0.0263 0.5488 -0.8355
vn 0.1740 -0.8683 0.4646
vn 0.2086 -0.9189 0.3349
vn 0.0012 -0.7077 0.7065
vn -0.0012 0.7077 -0.7065
vn -0.2086 0.9190 -0.3346
vn -0.1741 0.8682 -0.4647
vn 0.1109 -0.9814 0.1566
vn 0.1460 -0.8802 0.4517
vn 0.1576 -0.9621 0.2225
vn -0.1576 0.9621 -0.2225
vn -0.1459 0.8802 -0.4517
vn -0.1109 0.9814 -0.1566
vn -0.5245 -0.1554 0.8371
vn -0.9020 0.0521 0.4286
vn -0.7056 -0.0194 0.7084
vn -0.6875 -0.0952 0.7199
vn 0.6875 0.0956 -0.7199
vn 0.5245 0.1554 -0.8371
vn 0.9020 -0.0519 -0.4286
vn 0.7056 0.0194 -0.7084
vn -0.0001 -0.9997 0.0240
vn -0.0001 -0.9660 0.2587
vn -0.0013 -0.9659 0.2588
vn -0.0003 -0.9997 -0.0240
vn -0.0000 -0.9659 0.2587
vn 0.0012 -0.9656 0.2601
vn 0.0015 -0.9251 0.3796
vn -0.0005 -0.9660 0.2585
vn -0.0001 -0.8798 0.4754
vn -0.0029 -0.9661 0.2582
vn 0.0019 -0.9658 0.2592
vn -0.0015 -0.9661 0.2582
vn 0.0014 0.9661 -0.2582
vn 0.0003 0.9997 0.0240
vn 0.0005 0.9660 -0.2585
vn -0.0019 0.9658 -0.2592
vn 0.0029 0.9661 -0.2582
vn 0.0001 0.8797 -0.4755
vn -0.0015 0.9251 -0.3798
vn -0.0012 0.9656 -0.2601
vn -0.0000 0.9659 -0.2587
vn 0.0001 0.9660 -0.2587
vn 0.0001 0.9997 -0.0239
vn 0.0013 0.9659 -0.2588
vn -0.0259 -0.5489 0.8355
vn -0.4031 -0.8554 0.3252
vn -0.5654 -0.6857 0.4583
vn 0.5654 0.6857 -0.4584
vn 0.4031 0.8554 -0.3252
vn 0.0259 0.5489 -0.8355
vn -0.5649 -0.6861 0.4585
vn -0.9137 -0.4059 0.0225
vn -0.9597 -0.2784 0.0389
vn 0.9597 0.2784 -0.0389
vn 0.9137 0.4059 -0.0225
vn 0.5648 0.6860 -0.4586
vn -0.0648 -0.8934 -0.4446
vn -0.9598 -0.2778 0.0387
vn -0.3491 -0.9072 -0.2349
vn 0.3492 0.9071 0.2349
vn 0.9599 0.2777 -0.0387
vn 0.0649 0.8934 0.4445
vn -0.0649 -0.8934 -0.4445
vn 0.0008 -0.7682 -0.6402
vn 0.0010 -0.4983 -0.8670
vn -0.0010 0.4984 0.8670
vn -0.0008 0.7682 0.6402
vn 0.0648 0.8934 0.4445
vn 0.0121 -0.8706 -0.4919
vn 0.0008 -0.4983 -0.8670
vn -0.0035 -0.7011 -0.7131
vn 0.0035 0.7011 0.7130
vn -0.0009 0.4982 0.8670
vn -0.0121 0.8706 0.4919
vn 0.0219 -0.9681 -0.2494
vn 0.0257 -0.9671 -0.2531
vn 0.0124 -0.8703 -0.4923
vn -0.0124 0.8703 0.4924
vn -0.0257 0.9671 0.2532
vn -0.0219 0.9682 0.2494
vn 0.0259 -0.9673 -0.2522
vn 0.0333 -0.9665 -0.2544
vn 0.1497 -0.9871 0.0568
vn -0.1498 0.9871 -0.0568
vn -0.0333 0.9665 0.2543
vn -0.0259 0.9673 0.2522
vn -0.9999 0.0132 0.0010
vn -0.9600 -0.0862 -0.2663
vn -0.9651 -0.0266 -0.2607
vn -0.9844 -0.0999 -0.1447
vn -0.9982 -0.0550 -0.0259
vn 0.9982 0.0550 0.0259
vn 0.9999 -0.0132 -0.0010
vn 0.9844 0.0999 0.1447
vn 0.9601 0.0862 0.2662
vn 0.9651 0.0266 0.2607
vn 0.0401 -0.9683 -0.2467
vn 0.1044 -0.9926 -0.0628
vn 0.1498 -0.9871 0.0571
vn -0.1498 0.9871 -0.0572
vn -0.1045 0.9925 0.0627
vn -0.0401 0.9683 0.2466
vn 0.1577 -0.9621 0.2225
vn 0.1458 -0.8801 0.4518
vn 0.1742 -0.9562 0.2352
vn -0.1742 0.9562 -0.2351
vn -0.1576 0.9621 -0.2224
vn -0.9912 -0.0040 0.1320
vn -0.9982 -0.0549 -0.0258
vn -0.9999 0.0133 0.0010
vn 0.9999 -0.0133 -0.0010
vn 0.9982 0.0549 0.0258
vn 0.9912 0.0040 -0.1320
vn -0.0264 -0.5488 0.8355
vn -0.1241 -0.7964 0.5919
vn -0.4159 -0.6888 0.5937
vn 0.4159 0.6889 -0.5937
vn 0.1241 0.7964 -0.5919
vn 0.0264 0.5488 -0.8355
vn -0.2793 -0.0477 0.9590
vn 0.4043 -0.3020 0.8633
vn 0.0412 -0.2711 0.9617
vn -0.0412 0.2712 -0.9617
vn -0.4043 0.3020 -0.8633
vn 0.2794 0.0478 -0.9590
vn -0.0001 -0.7071 0.7071
vn -0.0002 -0.7069 0.7073
vn -0.0000 -0.7071 0.7072
vn -0.0001 -0.9257 0.3783
vn -0.0000 -0.7085 0.7057
vn 0.0002 -0.8812 0.4728
vn -0.0005 0.8811 -0.4729
vn 0.0001 0.9257 -0.3783
vn -0.0000 0.7085 -0.7057
vn 0.0002 0.7069 -0.7073
vn 0.0001 0.7071 -0.7071
vn -0.0000 0.7071 -0.7072
vn -0.2794 -0.0477 0.9590
vn -0.7047 -0.0198 0.7092
vn 0.0426 -0.2717 0.9614
vn -0.0425 0.2718 -0.9614
vn 0.2794 0.0477 -0.9590
vn 0.7047 0.0198 -0.7092
vn 0.9020 -0.0520 -0.4286
vn -0.6877 -0.0949 0.7198
vn -0.9608 0.0168 0.2768
vn 0.9020 -0.0520 -0.4285
vn 0.9608 -0.0168 -0.2768
vn 0.6877 0.0949 -0.7198
vn 0.8874 -0.2220 0.4040
vn 0.8694 -0.0831 0.4870
vn 0.9544 -0.1363 0.2655
vn -0.9545 0.1362 -0.2654
vn -0.8694 0.0830 -0.4870
vn -0.8874 0.2220 -0.4040
vn -0.5665 -0.6848 0.4584
vn -0.4826 -0.8570 0.1805
vn -0.2417 -0.9539 0.1778
vn 0.2416 0.9540 -0.1777
vn 0.4826 0.8571 -0.1804
vn 0.5665 0.6848 -0.4583
vn 0.8873 -0.2220 0.4043
vn 0.5634 -0.1436 0.8136
vn 0.8694 -0.0831 0.4871
vn 0.8233 -0.2537 0.5077
vn -0.8234 0.2537 -0.5077
vn -0.8873 0.2218 -0.4043
vn -0.5634 0.1436 -0.8136
vn -0.8694 0.0831 -0.4872
vn -0.5645 -0.6864 0.4584
vn -0.1924 -0.9705 0.1451
vn -0.4803 -0.8584 0.1801
vn 0.4803 0.8584 -0.1800
vn 0.1924 0.9705 -0.1451
vn 0.5646 0.6864 -0.4583
vn 0.8728 -0.3143 0.3734
vn 0.5633 -0.1435 0.8137
vn 0.8234 -0.2539 0.5075
vn 0.4835 -0.2853 0.8275
vn -0.4831 0.2864 -0.8274
vn -0.8728 0.3143 -0.3734
vn -0.5633 0.1435 -0.8137
vn -0.8234 0.2539 -0.5075
vn -0.5656 -0.6854 0.4585
vn -0.4034 -0.8553 0.3253
vn -0.1938 -0.9702 0.1456
vn 0.1938 0.9702 -0.1455
vn 0.4034 0.8553 -0.3253
vn 0.5656 0.6855 -0.4586
vn -0.9019 0.0521 0.4287
vn -0.9912 -0.0042 0.1322
vn -0.9999 0.0131 0.0014
vn -0.9608 0.0166 0.2766
vn 0.9608 -0.0167 -0.2766
vn 0.9019 -0.0521 -0.4287
vn 0.9912 0.0043 -0.1322
vn 0.9999 -0.0131 -0.0014
vn -0.0000 -0.9660 -0.2585
vn -0.0003 -0.9997 -0.0241
vn 0.0001 -0.9997 0.0245
vn -0.0000 -0.9659 -0.2588
vn 0.0003 -0.9659 -0.2590
vn 0.0002 -0.9659 -0.2590
vn -0.0000 -0.8796 -0.4758
vn -0.0010 -0.9251 -0.3798
vn -0.0027 -0.9660 -0.2584
vn 0.0005 -0.9659 -0.2588
vn -0.0033 -0.9660 -0.2587
vn -0.0018 -0.9659 -0.2587
vn 0.0018 0.9659 0.2587
vn 0.0033 0.9659 0.2587
vn 0.0004 0.9997 0.0240
vn -0.0005 0.9659 0.2588
vn 0.0027 0.9661 0.2583
vn 0.0010 0.9250 0.3799
vn -0.0000 0.8796 0.4758
vn -0.0002 0.9659 0.2590
vn -0.0003 0.9659 0.2590
vn -0.0000 0.9659 0.2588
vn -0.0000 0.9660 0.2585
vn -0.0005 0.9997 -0.0245
vn 0.9980 -0.0578 0.0247
vn 0.9616 -0.0105 0.2744
vn 0.9997 0.0217 -0.0136
vn 0.9839 -0.1025 0.1467
vn 0.9603 -0.0855 0.2655
vn -0.9603 0.0855 -0.2655
vn -0.9839 0.1025 -0.1467
vn -0.9616 0.0105 -0.2744
vn -0.9980 0.0578 -0.0247
vn -0.9997 -0.0217 0.0136
vn -0.9596 -0.2787 0.0388
vn -0.9136 -0.4061 0.0224
vn -0.4730 -0.8411 -0.2625
vn 0.4729 0.8412 0.2623
vn 0.9135 0.4062 -0.0224
vn 0.9596 0.2788 -0.0388
vn 0.9545 -0.1363 0.2653
vn 0.9616 -0.0105 0.2742
vn 0.8696 -0.0832 0.4868
vn -0.8696 0.0831 -0.4868
vn -0.9545 0.1363 -0.2653
vn -0.9616 0.0105 -0.2742
vn -0.5652 -0.6859 0.4584
vn -0.2398 -0.9544 0.1776
vn -0.9137 -0.4057 0.0226
vn 0.9137 0.4057 -0.0226
vn 0.2398 0.9544 -0.1776
vn 0.5651 0.6859 -0.4584
vn -0.0168 -0.5506 0.8346
vn -0.4068 -0.6934 0.5948
vn -0.3946 -0.8591 0.3259
vn 0.3943 0.8593 -0.3258
vn 0.4065 0.6935 -0.5949
vn 0.0167 0.5507 -0.8345
vn 0.9607 0.2748 -0.0396
vn -0.2323 0.9308 0.2821
vn 0.3522 0.9061 0.2343
vn -0.3522 -0.9061 -0.2343
vn 0.2321 -0.9309 -0.2821
vn -0.9607 -0.2748 0.0396
vn -0.0643 -0.8936 -0.4443
vn -0.3485 -0.9074 -0.2348
vn -0.1127 -0.9855 -0.1267
vn 0.1127 0.9855 0.1267
vn 0.3485 0.9074 0.2348
vn 0.0643 0.8936 0.4443
vn -0.0637 -0.8910 -0.4495
vn -0.1123 -0.9848 -0.1323
vn 0.0020 -0.7645 -0.6446
vn -0.0018 0.7646 0.6445
vn 0.1123 0.9849 0.1320
vn 0.0637 0.8911 0.4493
vn 0.0007 -0.7682 -0.6402
vn 0.0049 -0.7040 -0.7102
vn 0.0010 -0.4984 -0.8669
vn -0.0009 0.4984 0.8670
vn -0.0049 0.7040 0.7102
vn -0.0007 0.7682 0.6402
vn -0.0035 -0.7012 -0.7129
vn -0.0072 -0.7047 -0.7095
vn 0.0073 0.7047 0.7095
vn 0.0035 0.7012 0.7129
vn 0.0063 -0.7045 -0.7096
vn -0.0024 -0.7016 -0.7126
vn 0.0020 -0.4989 -0.8667
vn -0.0018 0.4988 0.8667
vn 0.0024 0.7016 0.7125
vn -0.0064 0.7046 0.7096
vn 0.0054 -0.8452 -0.5345
vn 0.0217 -0.9683 -0.2487
vn -0.0122 0.8706 0.4918
vn -0.0217 0.9683 0.2487
vn -0.0053 0.8452 0.5344
vn -0.8699 -0.0809 -0.4866
vn -0.8223 -0.2616 -0.5053
vn -0.5634 -0.1480 -0.8128
vn -0.8849 -0.2268 -0.4068
vn 0.8849 0.2268 0.4068
vn 0.8699 0.0808 0.4866
vn 0.8224 0.2615 0.5053
vn 0.5634 0.1480 0.8128
vn 0.0329 -0.9664 -0.2550
vn 0.0397 -0.9680 -0.2477
vn 0.1494 -0.9872 0.0562
vn -0.1494 0.9872 -0.0561
vn -0.0397 0.9680 0.2477
vn -0.0329 0.9664 0.2550
vn -0.9544 -0.1391 -0.2640
vn -0.8851 -0.2268 -0.4065
vn -0.8700 -0.0809 -0.4865
vn 0.8700 0.0809 0.4864
vn 0.8850 0.2268 0.4065
vn 0.9544 0.1391 0.2640
vn -0.9650 -0.0265 -0.2609
vn -0.9544 -0.1389 -0.2644
vn -0.8699 -0.0808 -0.4865
vn -0.9596 -0.0871 -0.2674
vn 0.9596 0.0871 0.2674
vn 0.9650 0.0265 0.2609
vn 0.9544 0.1389 0.2643
vn 0.8700 0.0807 0.4865
vn -0.9999 0.0131 0.0009
vn -0.9651 -0.0264 -0.2607
vn -0.7178 0.0431 -0.6949
vn 0.7178 -0.0432 0.6949
vn 0.9651 0.0264 0.2607
vn 0.9999 -0.0131 -0.0009
vn -0.2797 -0.0477 0.9589
vn 0.4830 -0.2848 0.8280
vn 0.4038 -0.3018 0.8636
vn 0.5633 -0.1434 0.8137
vn -0.5632 0.1436 -0.8137
vn 0.2797 0.0476 -0.9589
vn -0.4830 0.2848 -0.8280
vn -0.4039 0.3018 -0.8636
vn -0.2795 -0.0477 0.9590
vn -0.9910 0.1096 -0.0767
vn 0.9910 -0.1096 0.0768
vn 0.9020 -0.0521 -0.4285
vn 0.2795 0.0477 -0.9590
vn 0.5048 0.0139 0.8631
vn 0.8694 -0.0830 0.4872
vn 0.5635 -0.1436 0.8135
vn -0.5635 0.1436 -0.8136
vn -0.8694 0.0830 -0.4872
vn -0.5048 -0.0139 -0.8631
vn -0.8648 0.0829 -0.4952
vn 0.8648 -0.0829 0.4952
vn 0.3300 -0.9031 -0.2748
vn -0.9602 -0.2764 0.0393
vn -0.4751 -0.8400 -0.2621
vn 0.4752 0.8399 0.2621
vn 0.9603 0.2762 -0.0392
vn -0.3299 0.9032 0.2746
vn -0.5634 -0.1479 -0.8129
vn -0.8715 -0.3185 -0.3728
vn -0.4751 -0.2985 -0.8278
vn -0.8224 -0.2615 -0.5052
vn 0.8224 0.2615 0.5052
vn 0.8715 0.3185 0.3729
vn 0.4746 0.2997 0.8276
vn -0.0000 -0.7088 -0.7054
vn 0.0001 -0.9250 -0.3800
vn -0.0002 -0.8809 -0.4733
vn 0.0002 -0.7072 -0.7070
vn 0.0007 -0.7074 -0.7068
vn 0.0012 -0.7077 -0.7065
vn -0.0012 0.7077 0.7065
vn -0.0002 0.7072 0.7070
vn -0.0007 0.7074 0.7068
vn -0.0002 0.9250 0.3800
vn -0.0000 0.7088 0.7054
vn 0.0006 0.8809 0.4733
vn 0.5227 -0.1740 -0.8346
vn 0.9033 0.0391 -0.4272
vn 0.7061 -0.0357 -0.7072
vn 0.6842 -0.1132 -0.7205
vn -0.6842 0.1133 0.7205
vn -0.5227 0.1740 0.8346
vn -0.9033 -0.0392 0.4272
vn -0.7061 0.0357 0.7072
vn 0.9605 0.0077 -0.2782
vn 0.9035 0.0392 -0.4269
vn 0.6849 -0.1127 -0.7199
vn -0.6849 0.1128 0.7199
vn -0.9034 -0.0392 0.4269
vn -0.9605 -0.0077 0.2781
vn 0.9605 0.0076 -0.2782
vn 0.9997 0.0219 -0.0137
vn 0.9911 -0.0108 -0.1325
vn -0.9911 0.0107 0.1325
vn -0.9605 -0.0077 0.2782
vn -0.9997 -0.0219 0.0137
vn -0.9035 -0.0392 0.4269
vn 0.9980 -0.0578 0.0240
vn 0.9997 0.0219 -0.0139
vn 0.9911 -0.0107 -0.1324
vn -0.9911 0.0107 0.1324
vn -0.9997 -0.0218 0.0139
vn -0.9980 0.0578 -0.0240
vn -0.3306 0.9029 0.2748
vn -0.2345 0.9303 0.2821
vn -0.9601 -0.2771 0.0389
vn 0.9601 0.2768 -0.0388
vn 0.2345 -0.9303 -0.2821
vn 0.3306 -0.9029 -0.2748
vn 0.9616 -0.0103 0.2743
vn 0.8700 0.0645 0.4888
vn 0.9997 0.0221 -0.0136
vn -0.9997 -0.0221 0.0135
vn -0.8700 -0.0645 -0.4888
vn -0.9616 0.0103 -0.2743
vn 0.8696 -0.0830 0.4868
vn 0.7120 0.0266 0.7017
vn 0.9616 -0.0103 0.2742
vn -0.9616 0.0104 -0.2742
vn -0.7120 -0.0267 -0.7017
vn 0.0124 -0.8719 -0.4895
vn -0.0069 -0.7066 -0.7076
vn 0.0053 -0.8465 -0.5323
vn -0.0050 0.8464 0.5325
vn 0.0069 0.7064 0.7078
vn -0.0124 0.8718 0.4897
vn -0.0033 -0.7013 -0.7129
vn -0.0070 -0.7048 -0.7094
vn 0.0069 0.7047 0.7094
vn 0.0032 0.7012 0.7129
vn 0.7068 -0.0352 -0.7066
vn 0.2820 -0.0607 -0.9575
vn -0.0389 -0.2889 -0.9566
vn 0.9033 0.0391 -0.4271
vn -0.9033 -0.0392 0.4271
vn -0.7068 0.0352 0.7066
vn -0.2820 0.0607 0.9575
vn 0.0386 0.2894 0.9564
vn -0.8699 -0.0807 -0.4866
vn -0.5052 0.0163 -0.8628
vn 0.5052 -0.0162 0.8628
vn 0.5634 0.1479 0.8128
vn 0.8699 0.0807 0.4866
vn -0.9650 -0.0264 -0.2608
vn -0.8699 -0.0807 -0.4865
vn 0.7178 -0.0431 0.6949
vn 0.8699 0.0807 0.4865
vn 0.9650 0.0264 0.2609
vn -0.9999 0.0131 0.0011
vn -0.7179 0.0431 -0.6949
vn -0.8647 0.0829 -0.4955
vn 0.8647 -0.0829 0.4955
vn 0.7179 -0.0431 0.6949
vn 0.9999 -0.0131 -0.0011
vn -0.7122 0.1093 0.6935
vn -0.2796 -0.0477 0.9589
vn 0.2796 0.0477 -0.9589
vn 0.7122 -0.1092 -0.6935
vn -0.8647 0.0829 -0.4953
vn 0.9910 -0.1096 0.0767
vn 0.8647 -0.0829 0.4953
vn 0.9019 -0.0522 -0.4287
vn -0.7122 0.1093 0.6934
vn -0.2796 -0.0476 0.9589
vn -0.9910 0.1097 -0.0767
vn 0.9910 -0.1095 0.0767
vn 0.2797 0.0477 -0.9589
vn 0.7122 -0.1093 -0.6934
vn 0.5046 0.0139 0.8632
vn 0.5633 -0.1436 0.8137
vn 0.0657 0.0461 0.9968
vn -0.0657 -0.0461 -0.9968
vn -0.5046 -0.0139 -0.8632
vn 0.7118 0.0266 0.7019
vn 0.8694 -0.0830 0.4870
vn 0.5048 0.0139 0.8632
vn -0.5048 -0.0139 -0.8632
vn -0.7118 -0.0266 -0.7019
vn 0.2823 -0.0607 -0.9574
vn -0.4753 -0.2980 -0.8278
vn -0.4032 -0.3172 -0.8584
vn -0.5631 -0.1480 -0.8130
vn 0.5632 0.1480 0.8130
vn -0.2822 0.0605 0.9574
vn 0.4754 0.2979 0.8278
vn 0.4032 0.3172 0.8584
vn -0.4035 -0.3174 -0.8582
vn -0.0397 -0.2891 -0.9565
vn 0.0397 0.2890 0.9565
vn 0.4035 0.3174 0.8582
vn -0.2821 0.0608 0.9575
vn 0.8699 0.0645 0.4889
vn 0.9035 0.0392 -0.4268
vn -0.9997 -0.0221 0.0136
vn -0.9035 -0.0393 0.4269
vn -0.8700 -0.0645 -0.4889
vn 0.7118 0.0267 0.7019
vn 0.8700 0.0645 0.4889
vn 0.9616 -0.0102 0.2744
vn -0.9616 0.0103 -0.2744
vn -0.7118 -0.0266 -0.7018
vn 0.9917 0.1033 0.0771
vn 0.2820 -0.0606 -0.9575
vn 0.9033 0.0392 -0.4271
vn -0.2820 0.0606 0.9575
vn -0.9917 -0.1032 -0.0771
vn -0.5052 0.0162 -0.8629
vn -0.5633 -0.1479 -0.8129
vn -0.0670 0.0449 -0.9967
vn 0.0670 -0.0449 0.9967
vn 0.5633 0.1479 0.8129
vn 0.5052 -0.0162 0.8629
vn -0.7176 0.0431 -0.6951
vn -0.8699 -0.0808 -0.4866
vn 0.5052 -0.0163 0.8629
vn 0.7176 -0.0431 0.6951
vn -0.8638 0.0236 -0.5033
vn -0.6996 0.0024 -0.7145
vn 0.8638 -0.0242 0.5033
vn 0.6996 -0.0024 0.7145
vn 0.0655 0.0461 0.9968
vn -0.7121 0.1092 0.6935
vn 0.7121 -0.1093 -0.6935
vn -0.5635 0.1435 -0.8135
vn -0.0655 -0.0461 -0.9968
vn -0.8638 0.0236 -0.5032
vn -0.9910 0.1095 -0.0767
vn -0.9972 0.0267 -0.0705
vn 0.9971 -0.0295 0.0705
vn 0.8638 -0.0236 0.5032
vn -0.9972 0.0266 -0.0702
vn -0.7122 0.1092 0.6934
vn -0.6983 0.0030 0.7158
vn 0.6983 -0.0030 -0.7158
vn 0.9972 -0.0266 0.0702
vn 0.7122 -0.1092 -0.6934
vn 0.0748 -0.0207 0.9970
vn 0.4980 -0.0196 0.8669
vn -0.4980 0.0196 -0.8669
vn -0.0748 0.0208 -0.9970
vn 0.4983 -0.0196 0.8668
vn 0.6998 0.0015 0.7144
vn -0.6998 -0.0015 -0.7144
vn -0.4983 0.0196 -0.8668
vn 0.7119 0.1038 -0.6946
vn -0.5632 -0.1478 -0.8130
vn 0.2822 -0.0607 -0.9574
vn -0.2822 0.0607 0.9574
vn 0.5632 0.1479 0.8130
vn -0.7119 -0.1038 0.6946
vn 0.9916 0.1033 0.0773
vn 0.9034 0.0392 -0.4269
vn -0.9916 -0.1033 -0.0773
vn -0.8699 -0.0645 -0.4889
vn 0.6997 0.0015 0.7144
vn 0.8639 0.0221 0.5032
vn -0.6997 -0.0014 -0.7144
vn -0.8639 -0.0221 -0.5032
vn 0.9917 0.1033 0.0768
vn 0.7117 0.1038 -0.6948
vn 0.2819 -0.0606 -0.9575
vn -0.2819 0.0606 0.9575
vn -0.7117 -0.1038 0.6948
vn -0.9917 -0.1032 -0.0767
vn -0.0744 -0.0212 -0.9970
vn -0.5052 0.0163 -0.8629
vn -0.4979 -0.0191 -0.8670
vn 0.4979 0.0191 0.8670
vn 0.0744 0.0212 0.9970
vn -0.0669 0.0449 -0.9968
vn -0.5635 -0.1479 -0.8128
vn 0.7118 0.1038 -0.6946
vn -0.7118 -0.1037 0.6947
vn 0.5635 0.1479 0.8128
vn 0.0669 -0.0449 0.9968
vn -0.4981 -0.0191 -0.8669
vn -0.7177 0.0431 -0.6951
vn -0.6997 0.0024 -0.7145
vn 0.6997 -0.0024 0.7145
vn 0.4981 0.0191 0.8669
vn 0.7177 -0.0431 0.6951
vn -0.7095 -0.0306 -0.7041
vn 0.7095 0.0306 0.7041
vn 0.8638 -0.0236 0.5033
vn -0.6984 0.0029 0.7157
vn 0.0656 0.0461 0.9968
vn -0.7121 0.1092 0.6936
vn 0.0747 -0.0207 0.9970
vn -0.0747 0.0207 -0.9970
vn 0.6984 -0.0030 -0.7157
vn -0.0656 -0.0461 -0.9968
vn 0.7121 -0.1092 -0.6935
vn -0.9972 0.0266 -0.0706
vn -0.9433 -0.0411 -0.3293
vn 0.9433 0.0411 0.3293
vn 0.9972 -0.0266 0.0706
vn -0.6983 0.0029 0.7158
vn -0.8676 -0.0741 0.4917
vn 0.8676 0.0741 -0.4917
vn 0.6983 -0.0029 -0.7158
vn -0.1873 -0.0691 0.9799
vn 0.0748 -0.0208 0.9970
vn 0.1873 0.0691 -0.9799
vn 0.2643 -0.0443 0.9634
vn 0.6997 0.0014 0.7144
vn -0.6998 -0.0014 -0.7144
vn -0.2643 0.0444 -0.9634
vn 0.9917 0.1032 0.0772
vn 0.9972 0.0245 0.0704
vn -0.9917 -0.1032 -0.0772
vn -0.9972 -0.0245 -0.0704
vn 0.7094 -0.0317 0.7041
vn -0.8639 -0.0220 -0.5032
vn -0.7094 0.0317 -0.7041
vn 0.7116 0.1037 -0.6949
vn 0.9972 0.0245 0.0701
vn 0.6986 0.0011 -0.7155
vn 0.9917 0.1032 0.0767
vn -0.7116 -0.1037 0.6949
vn -0.9972 -0.0245 -0.0701
vn -0.6986 -0.0010 0.7155
vn 0.6987 0.0010 -0.7155
vn -0.0668 0.0449 -0.9968
vn 0.7118 0.1037 -0.6946
vn -0.0743 -0.0212 -0.9970
vn 0.0743 0.0212 0.9970
vn -0.6987 -0.0010 0.7154
vn 0.0668 -0.0449 0.9968
vn 0.1869 -0.0701 -0.9799
vn -0.0744 -0.0213 -0.9970
vn 0.0744 0.0213 0.9970
vn -0.1869 0.0702 0.9799
vn -0.2645 -0.0444 -0.9634
vn 0.2645 0.0444 0.9634
vn -0.4986 -0.0325 -0.8662
vn -0.7094 -0.0306 -0.7042
vn -0.6995 0.0024 -0.7146
vn 0.6995 -0.0024 0.7146
vn 0.7094 0.0306 0.7042
vn 0.4986 0.0325 0.8662
vn -0.9434 -0.0411 -0.3292
vn -0.8639 0.0236 -0.5032
vn -0.7095 -0.0306 -0.7040
vn 0.7095 0.0306 0.7040
vn 0.8639 -0.0236 0.5032
vn 0.9434 0.0411 0.3292
vn 0.0747 -0.0208 0.9970
vn 0.6984 -0.0029 -0.7157
vn 0.8676 0.0739 -0.4918
vn -0.9435 -0.0411 -0.3289
vn -0.8675 -0.0741 0.4919
vn 0.8675 0.0741 -0.4919
vn 0.9435 0.0412 0.3289
vn 0.0749 -0.0208 0.9970
vn -0.8675 -0.0741 0.4918
vn 0.8675 0.0741 -0.4918
vn -0.0749 0.0208 -0.9970
vn 0.2641 -0.0443 0.9635
vn 0.4980 -0.0196 0.8670
vn -0.4980 0.0196 -0.8670
vn -0.2641 0.0422 -0.9636
vn 0.4985 -0.0330 0.8662
vn -0.4985 0.0330 -0.8662
vn -0.2643 0.0443 -0.9634
vn 0.8640 0.0221 0.5030
vn 0.9432 -0.0430 0.3295
vn -0.9432 0.0430 -0.3295
vn -0.8640 -0.0222 -0.5030
vn 0.7092 -0.0317 0.7043
vn 0.6996 0.0014 0.7145
vn 0.4986 -0.0330 0.8662
vn -0.4986 0.0330 -0.8662
vn -0.6996 -0.0014 -0.7145
vn -0.7092 0.0317 -0.7043
vn 0.7093 -0.0317 0.7042
vn -0.8639 -0.0220 -0.5031
vn -0.7093 0.0317 -0.7042
vn 0.8673 -0.0764 -0.4918
vn 0.6986 0.0010 -0.7155
vn -0.8673 0.0764 0.4918
vn 0.6987 0.0010 -0.7154
vn 0.1872 -0.0702 -0.9798
vn -0.0742 -0.0212 -0.9970
vn 0.8674 -0.0763 -0.4917
vn -0.8674 0.0764 0.4917
vn 0.0742 0.0212 0.9970
vn -0.1872 0.0702 0.9798
vn -0.2644 -0.0444 -0.9634
vn -0.4979 -0.0192 -0.8670
vn 0.1868 -0.0702 -0.9799
vn -0.1868 0.0702 0.9799
vn 0.4979 0.0192 0.8670
vn 0.2644 0.0430 0.9634
vn -0.6995 0.0025 -0.7146
vn 0.2644 0.0444 0.9634
vn -0.4987 -0.0325 -0.8662
vn -0.6933 -0.2024 -0.6916
vn -0.4864 -0.1961 -0.8515
vn 0.4864 0.1960 0.8515
vn 0.4987 0.0325 0.8662
vn 0.6933 0.2024 0.6916
vn -0.6934 -0.2024 -0.6916
vn -0.9434 -0.0412 -0.3292
vn -0.7096 -0.0306 -0.7040
vn -0.9126 -0.2669 -0.3097
vn 0.9126 0.2669 0.3097
vn 0.6934 0.2024 0.6916
vn 0.9434 0.0412 0.3292
vn 0.7096 0.0306 0.7040
vn -0.8211 -0.3211 0.4719
vn -0.9435 -0.0412 -0.3289
vn -0.9125 -0.2668 -0.3100
vn 0.8675 0.0741 -0.4920
vn 0.8211 0.3210 -0.4720
vn 0.9125 0.2669 0.3100
vn -0.8207 -0.3210 0.4726
vn -0.1872 -0.0691 0.9799
vn -0.8675 -0.0742 0.4918
vn -0.1900 -0.2596 0.9468
vn 0.1900 0.2596 -0.9469
vn 0.8207 0.3210 -0.4726
vn 0.1872 0.0691 -0.9799
vn -0.1903 -0.2596 0.9468
vn 0.2523 -0.1905 0.9487
vn -0.2523 0.1905 -0.9487
vn 0.1902 0.2596 -0.9468
vn -0.2641 0.0444 -0.9635
vn 0.2644 -0.0443 0.9634
vn 0.4957 -0.1835 0.8489
vn 0.2526 -0.1905 0.9486
vn -0.2526 0.1905 -0.9486
vn -0.2644 0.0443 -0.9634
vn -0.4957 0.1835 -0.8489
vn 0.9433 -0.0430 0.3292
vn 0.8672 -0.0764 -0.4920
vn 0.9972 0.0245 0.0700
vn -0.9972 -0.0245 -0.0700
vn -0.8672 0.0764 0.4920
vn -0.9433 0.0430 -0.3292
vn 0.7092 -0.0318 0.7043
vn 0.6963 -0.2283 0.6804
vn -0.6963 0.2283 -0.6805
vn 0.8968 -0.3302 0.2946
vn 0.9432 -0.0430 0.3294
vn 0.6965 -0.2283 0.6803
vn -0.6964 0.2283 -0.6804
vn -0.7093 0.0318 -0.7042
vn -0.8968 0.3302 -0.2946
vn -0.9432 0.0430 -0.3294
vn 0.7962 -0.3921 -0.4608
vn 0.8674 -0.0764 -0.4916
vn 0.1914 -0.3356 -0.9224
vn -0.1914 0.3357 0.9223
vn -0.7962 0.3920 0.4609
vn 0.1914 -0.3357 -0.9223
vn -0.2410 -0.2390 -0.9406
vn 0.2410 0.2391 0.9406
vn -0.2410 -0.2391 -0.9406
vn -0.4862 -0.1960 -0.8516
vn 0.4862 0.1960 0.8516
vn -0.3067 -0.7981 -0.5186
vn -0.6933 -0.2024 -0.6917
vn -0.4215 -0.7948 -0.4367
vn 0.4215 0.7948 0.4366
vn 0.3067 0.7981 0.5185
vn 0.6933 0.2024 0.6917
vn 0.4864 0.1961 0.8515
vn -0.4217 -0.7948 -0.4364
vn -0.9127 -0.2668 -0.3096
vn -0.6934 -0.2024 -0.6915
vn -0.5525 -0.8010 -0.2305
vn 0.5525 0.8010 0.2305
vn 0.4217 0.7948 0.4364
vn 0.9127 0.2668 0.3097
vn 0.6934 0.2023 0.6915
vn -0.5054 -0.8108 0.2954
vn -0.9126 -0.2668 -0.3099
vn -0.5525 -0.8010 -0.2306
vn -0.8211 -0.3210 0.4720
vn 0.8212 0.3209 -0.4720
vn 0.5053 0.8108 -0.2954
vn 0.9126 0.2668 0.3099
vn -0.8207 -0.3209 0.4728
vn -0.0754 -0.7946 0.6024
vn -0.1900 -0.2595 0.9469
vn -0.5051 -0.8109 0.2956
vn 0.5051 0.8108 -0.2956
vn 0.8207 0.3209 -0.4727
vn 0.0755 0.7946 -0.6024
vn -0.0756 -0.7947 0.6023
vn 0.2524 -0.1906 0.9487
vn -0.1901 -0.2597 0.9468
vn 0.1704 -0.7869 0.5930
vn -0.1703 0.7869 -0.5931
vn 0.0757 0.7947 -0.6023
vn -0.2524 0.1907 -0.9487
vn 0.1902 0.2597 -0.9468
vn 0.2527 -0.1906 0.9486
vn 0.3009 -0.7900 0.5342
vn 0.4956 -0.1835 0.8489
vn 0.1706 -0.7869 0.5930
vn -0.1706 0.7869 -0.5930
vn -0.2527 0.1906 -0.9486
vn -0.3009 0.7900 -0.5342
vn 0.7965 -0.3920 -0.4603
vn 0.8966 -0.3302 0.2950
vn -0.8966 0.3301 -0.2951
vn -0.7965 0.3920 0.4603
vn 0.6963 -0.2284 0.6804
vn 0.4027 -0.8039 0.4376
vn -0.4027 0.8039 -0.4376
vn -0.3009 0.7901 -0.5341
vn -0.6963 0.2283 -0.6804
vn 0.6964 -0.2284 0.6804
vn 0.5012 -0.8335 0.2324
vn 0.8967 -0.3303 0.2946
vn 0.4026 -0.8038 0.4379
vn -0.4026 0.8039 -0.4378
vn -0.6964 0.2284 -0.6804
vn -0.5012 0.8335 -0.2325
vn -0.8967 0.3303 -0.2946
vn 0.4315 -0.8679 -0.2459
vn 0.1915 -0.3357 -0.9223
vn 0.7962 -0.3920 -0.4609
vn 0.0506 -0.8390 -0.5418
vn -0.0506 0.8390 0.5418
vn -0.4315 0.8680 0.2458
vn -0.7963 0.3920 0.4608
vn -0.1745 -0.8113 -0.5579
vn -0.2411 -0.2392 -0.9406
vn 0.0502 -0.8389 -0.5419
vn -0.0502 0.8389 0.5419
vn -0.1914 0.3356 0.9223
vn 0.1744 0.8113 0.5580
vn 0.2411 0.2392 0.9406
vn -0.1744 -0.8113 -0.5579
vn -0.4862 -0.1961 -0.8516
vn -0.3067 -0.7982 -0.5185
vn 0.3067 0.7982 0.5185
vn 0.1743 0.8113 0.5580
vn 0.4862 0.1961 0.8515
vn 0.2410 0.2392 0.9406
vn -0.5523 -0.8011 -0.2306
vn -0.0754 -0.7947 0.6023
vn -0.5051 -0.8109 0.2954
vn -0.4215 -0.7949 -0.4365
vn 0.1704 -0.7869 0.5932
vn -0.3066 -0.7982 -0.5186
vn -0.1744 -0.8114 -0.5579
vn 0.4026 -0.8039 0.4378
vn 0.0503 -0.8390 -0.5418
vn 0.5013 -0.8334 0.2326
vn 0.4314 -0.8680 -0.2457
vn -0.4315 0.8680 0.2457
vn -0.0503 0.8390 0.5418
vn -0.5012 0.8335 -0.2327
vn -0.4027 0.8039 -0.4378
vn 0.1745 0.8114 0.5579
vn -0.3010 0.7900 -0.5342
vn -0.1705 0.7869 -0.5930
vn 0.4216 0.7949 0.4364
vn 0.0755 0.7947 -0.6023
vn 0.5523 0.8011 0.2306
vn 0.5051 0.8109 -0.2954
vn 0.4316 -0.8680 -0.2457
vn 0.7965 -0.3920 -0.4604
vn -0.5013 0.8334 -0.2326
vn -0.8966 0.3302 -0.2950
vn -0.7965 0.3919 0.4603
vn -0.0000 -0.0002 1.0000
vn -0.0000 0.0002 -1.0000
vn -0.0000 0.0002 1.0000
vn -0.0001 -0.0002 -1.0000
vn -0.0000 -0.0002 -1.0000
vn -0.0000 -0.8660 0.5000
vn -0.0000 0.8660 -0.5000
vn -0.0000 0.8660 0.5000
vn -0.0000 -0.8660 -0.5000
vn -0.0000 1.0000 -0.0000
vn -0.0000 -1.0000 -0.0000
vn -0.0000 -0.5001 -0.8659
vn -0.0000 0.5001 0.8659
vn 0.0001 0.8660 0.5000
vn -0.0001 0.0002 1.0000
vn 0.2867 0.0698 0.9555
vn 0.7053 0.0420 0.7077
vn 0.9036 -0.0464 0.4258
vn -0.0494 0.3371 0.9402
vn 0.0492 -0.3367 -0.9403
vn -0.2867 -0.0698 -0.9555
vn -0.7053 -0.0420 -0.7076
vn -0.9036 0.0464 -0.4258
vn -0.0475 0.3368 0.9404
vn -0.3889 0.3627 0.8469
vn 0.3888 -0.3627 -0.8469
vn -0.2867 -0.0699 -0.9555
vn 0.0475 -0.3367 -0.9404
vn 0.9036 -0.0462 0.4258
vn 0.5197 0.2035 0.8298
vn 0.6794 0.1341 0.7214
vn 0.7065 0.0417 0.7065
vn -0.7065 -0.0415 -0.7065
vn -0.5197 -0.2035 -0.8298
vn -0.6794 -0.1341 -0.7214
vn 0.2867 0.0697 0.9555
vn 0.9897 -0.1208 -0.0770
vn -0.9897 0.1209 0.0770
vn -0.5610 0.1743 0.8092
vn -0.3891 0.3627 0.8468
vn 0.2868 0.0700 0.9554
vn -0.4862 0.3480 0.8016
vn 0.4862 -0.3479 -0.8016
vn 0.5610 -0.1743 -0.8092
vn 0.3891 -0.3627 -0.8468
vn -0.2868 -0.0698 -0.9554
vn 0.6806 0.1337 0.7204
vn 0.9619 -0.0081 0.2732
vn 0.9037 -0.0463 0.4256
vn -0.9037 0.0463 -0.4256
vn -0.9619 0.0081 -0.2732
vn -0.6805 -0.1337 -0.7204
vn 0.8706 -0.0757 -0.4862
vn 0.9897 -0.1207 -0.0768
vn -0.9897 0.1207 0.0768
vn -0.8706 0.0757 0.4862
vn -0.9036 0.0464 -0.4259
vn 0.7116 -0.1215 0.6920
vn 0.9897 -0.1208 -0.0769
vn -0.9897 0.1207 0.0769
vn -0.2868 -0.0699 -0.9555
vn -0.7116 0.1215 -0.6920
vn -0.8550 0.3677 0.3658
vn -0.5613 0.1741 0.8091
vn -0.8090 0.3001 0.5054
vn -0.4853 0.3479 0.8022
vn 0.4852 -0.3475 -0.8024
vn 0.8549 -0.3678 -0.3659
vn 0.5613 -0.1741 -0.8091
vn 0.8090 -0.3001 -0.5054
vn -0.5610 0.1740 0.8093
vn 0.2867 0.0699 0.9555
vn 0.7116 -0.1214 0.6920
vn -0.7116 0.1216 -0.6920
vn 0.5609 -0.1741 -0.8093
vn 0.9911 0.0126 0.1323
vn 0.9995 -0.0269 0.0164
vn -0.9911 -0.0126 -0.1323
vn -0.9995 0.0269 -0.0164
vn 0.9037 -0.0464 0.4256
vn 0.9995 -0.0270 0.0164
vn 0.8704 -0.0757 -0.4864
vn -0.8704 0.0757 0.4864
vn -0.9995 0.0270 -0.0164
vn -0.9037 0.0464 -0.4256
vn 0.8638 -0.0259 -0.5032
vn 0.9897 -0.1207 -0.0769
vn 0.9972 -0.0287 -0.0690
vn -0.9972 0.0287 0.0690
vn -0.8638 0.0259 0.5032
vn 0.9972 -0.0287 -0.0688
vn 0.6972 -0.0010 0.7168
vn -0.6972 0.0010 -0.7168
vn -0.9972 0.0287 0.0688
vn -0.8790 0.2645 0.3967
vn -0.5611 0.1740 0.8093
vn -0.8690 0.0970 0.4852
vn -0.8088 0.2998 0.5060
vn 0.8088 -0.2998 -0.5059
vn 0.8790 -0.2645 -0.3967
vn 0.5611 -0.1741 -0.8092
vn 0.8690 -0.0970 -0.4852
vn -0.5612 0.1741 0.8092
vn 0.7117 -0.1215 0.6919
vn -0.0651 -0.0532 0.9965
vn 0.0651 0.0532 -0.9965
vn -0.7117 0.1215 -0.6919
vn 0.5612 -0.1741 -0.8091
vn 0.9911 0.0125 0.1322
vn 0.9969 0.0712 -0.0320
vn 0.9995 -0.0269 0.0163
vn -0.9995 0.0269 -0.0163
vn -0.9969 -0.0712 0.0320
vn -0.9911 -0.0125 -0.1322
vn 0.9995 -0.0270 0.0163
vn 0.9608 0.0120 -0.2770
vn -0.8705 0.0758 0.4862
vn -0.9608 -0.0120 0.2770
vn -0.9995 0.0270 -0.0163
vn 0.9972 -0.0287 -0.0691
vn 0.9431 0.0504 -0.3288
vn -0.9431 -0.0504 0.3288
vn -0.8638 0.0261 0.5032
vn -0.9972 0.0287 0.0691
vn 0.7126 -0.0313 -0.7009
vn 0.6985 -0.0019 -0.7156
vn -0.7126 0.0313 0.7009
vn -0.6985 0.0019 0.7156
vn 0.6973 -0.0010 0.7168
vn 0.9972 -0.0287 -0.0689
vn 0.8672 0.0894 0.4899
vn -0.8672 -0.0894 -0.4899
vn -0.9972 0.0287 0.0689
vn -0.6973 0.0010 -0.7168
vn -0.0736 0.0248 0.9970
vn 0.7117 -0.1214 0.6919
vn 0.6974 -0.0010 0.7167
vn 0.0736 -0.0248 -0.9970
vn -0.6974 0.0010 -0.7167
vn -0.8792 0.2645 0.3962
vn -0.8692 0.0969 0.4849
vn -0.9495 0.1563 0.2722
vn 0.9495 -0.1563 -0.2721
vn 0.8692 -0.0968 -0.4849
vn 0.8792 -0.2644 -0.3962
vn -0.5057 -0.0190 0.8625
vn -0.8690 0.0969 0.4852
vn -0.5611 0.1741 0.8092
vn 0.8690 -0.0969 -0.4852
vn 0.5057 0.0190 -0.8625
vn -0.0652 -0.0532 0.9965
vn 0.0652 0.0532 -0.9965
vn 0.9995 -0.0270 0.0162
vn 0.9599 0.1013 -0.2613
vn 0.9817 0.1211 -0.1467
vn 0.9969 0.0713 -0.0319
vn -0.9969 -0.0713 0.0319
vn -0.9817 -0.1211 0.1467
vn -0.9599 -0.1014 0.2613
vn -0.9608 -0.0121 0.2770
vn 0.9607 0.0120 -0.2772
vn 0.7125 -0.0314 -0.7009
vn -0.7125 0.0314 0.7009
vn -0.9607 -0.0121 0.2772
vn 0.9430 0.0504 -0.3289
vn 0.8637 -0.0259 -0.5033
vn 0.7099 0.0372 -0.7033
vn -0.7099 -0.0372 0.7033
vn -0.8637 0.0259 0.5033
vn -0.9430 -0.0504 0.3289
vn 0.9972 -0.0287 -0.0687
vn 0.9432 0.0504 -0.3284
vn 0.8670 0.0895 0.4903
vn -0.8670 -0.0894 -0.4903
vn -0.9432 -0.0504 0.3284
vn -0.9972 0.0287 0.0687
vn 0.6985 -0.0018 -0.7156
vn 0.7100 0.0372 -0.7032
vn -0.7100 -0.0372 0.7032
vn 0.7125 -0.0313 -0.7009
vn 0.4975 0.0229 -0.8672
vn 0.6984 -0.0019 -0.7157
vn 0.5051 -0.0163 -0.8629
vn -0.5051 0.0163 0.8629
vn -0.7125 0.0313 0.7009
vn -0.4975 -0.0229 0.8672
vn -0.6984 0.0019 0.7157
vn -0.0735 0.0248 0.9970
vn -0.8672 -0.0895 -0.4899
vn -0.0739 0.0248 0.9970
vn -0.4971 0.0223 0.8674
vn -0.0653 -0.0532 0.9964
vn 0.0653 0.0532 -0.9964
vn 0.0739 -0.0248 -0.9970
vn 0.4972 -0.0223 -0.8674
vn -0.9494 0.1562 0.2725
vn -0.9648 0.0310 0.2612
vn -0.9592 0.1031 0.2631
vn -0.8691 0.0968 0.4850
vn 0.8691 -0.0968 -0.4850
vn 0.9494 -0.1562 -0.2725
vn 0.9648 -0.0309 -0.2612
vn 0.9592 -0.1031 -0.2631
vn -0.7194 -0.0503 0.6928
vn 0.7194 0.0503 -0.6928
vn 0.9608 0.0120 -0.2771
vn 0.9496 0.1527 -0.2738
vn 0.8685 0.0995 -0.4856
vn 0.9600 0.1010 -0.2611
vn -0.9600 -0.1010 0.2611
vn -0.9608 -0.0120 0.2771
vn -0.9496 -0.1527 0.2737
vn -0.8685 -0.0996 0.4856
vn 0.9608 0.0121 -0.2771
vn 0.8685 0.0997 -0.4856
vn 0.7126 -0.0314 -0.7008
vn -0.7126 0.0314 0.7008
vn -0.8685 -0.0997 0.4856
vn -0.9608 -0.0121 0.2771
vn 0.6908 0.2633 -0.6734
vn 0.9430 0.0504 -0.3290
vn 0.8821 0.3712 -0.2902
vn -0.8820 -0.3712 0.2903
vn -0.6908 -0.2633 0.6734
vn -0.9430 -0.0504 0.3290
vn 0.7807 0.4314 0.4520
vn 0.9432 0.0505 -0.3284
vn 0.8821 0.3712 -0.2899
vn 0.8669 0.0895 0.4903
vn -0.8669 -0.0895 -0.4903
vn -0.7807 -0.4314 -0.4520
vn -0.8821 -0.3712 0.2900
vn 0.6984 -0.0018 -0.7157
vn 0.4983 0.0388 -0.8661
vn -0.4983 -0.0388 0.8661
vn -0.6984 0.0018 0.7157
vn 0.4974 0.0229 -0.8672
vn 0.0637 -0.0546 -0.9965
vn 0.0742 0.0242 -0.9969
vn -0.4974 -0.0229 0.8672
vn -0.0637 0.0547 0.9965
vn -0.0742 -0.0242 0.9969
vn 0.2647 0.0525 -0.9629
vn -0.2647 -0.0524 0.9629
vn 0.8684 0.0997 -0.4858
vn 0.7125 -0.0313 -0.7010
vn -0.7125 0.0313 0.7010
vn -0.8684 -0.0997 0.4858
vn -0.0737 0.0248 0.9970
vn 0.8671 0.0895 0.4900
vn 0.1875 0.0827 0.9788
vn -0.1875 -0.0827 -0.9788
vn -0.8671 -0.0895 -0.4900
vn 0.0737 -0.0248 -0.9970
vn -0.0738 0.0248 0.9970
vn 0.1875 0.0825 0.9788
vn 0.4971 -0.0223 -0.8674
vn 0.0738 -0.0248 -0.9970
vn -0.6983 -0.0030 0.7158
vn -0.4972 0.0223 0.8673
vn 0.6983 0.0030 -0.7158
vn 0.4972 -0.0223 -0.8673
vn -0.9971 0.0687 0.0335
vn -0.9649 0.0311 0.2609
vn -0.9999 -0.0171 -0.0014
vn -0.9820 0.1199 0.1461
vn -0.9592 0.1032 0.2631
vn 0.9592 -0.1034 -0.2631
vn 0.9820 -0.1200 -0.1461
vn 0.9649 -0.0312 -0.2609
vn 0.9971 -0.0687 -0.0335
vn 0.9999 0.0171 0.0014
vn -0.8692 0.0969 0.4850
vn -0.7195 -0.0504 0.6926
vn -0.9648 0.0310 0.2611
vn 0.9648 -0.0310 -0.2611
vn 0.7195 0.0503 -0.6926
vn 0.8692 -0.0969 -0.4850
vn 0.9496 0.1528 -0.2736
vn 0.8821 0.2592 -0.3934
vn 0.8685 0.0996 -0.4856
vn -0.8821 -0.2592 0.3934
vn -0.9496 -0.1528 0.2736
vn 0.4699 0.8538 -0.2241
vn 0.6908 0.2634 -0.6734
vn 0.3845 0.8209 -0.4223
vn 0.8820 0.3713 -0.2903
vn -0.8820 -0.3713 0.2903
vn -0.4699 -0.8538 0.2242
vn -0.6908 -0.2634 0.6734
vn -0.3845 -0.8209 0.4223
vn 0.6907 0.2634 -0.6735
vn 0.4931 0.2129 -0.8435
vn -0.6906 -0.2634 0.6736
vn -0.4931 -0.2129 0.8435
vn 0.3949 0.8908 0.2247
vn 0.8820 0.3713 -0.2901
vn 0.4700 0.8537 -0.2244
vn 0.7808 0.4313 0.4521
vn -0.7807 -0.4313 -0.4521
vn -0.3949 -0.8908 -0.2247
vn -0.8821 -0.3713 0.2900
vn -0.4700 -0.8537 0.2244
vn 0.7808 0.4314 0.4519
vn 0.1877 0.3766 0.9072
vn 0.8671 0.0896 0.4900
vn -0.8671 -0.0894 -0.4900
vn -0.7808 -0.4314 -0.4519
vn -0.1877 -0.3766 -0.9072
vn 0.2646 0.0524 -0.9629
vn 0.4981 0.0388 -0.8662
vn -0.4981 -0.0388 0.8662
vn -0.2646 -0.0524 0.9629
vn 0.0741 0.0242 -0.9970
vn -0.7119 -0.1278 -0.6905
vn -0.6969 -0.0033 -0.7172
vn 0.0635 -0.0547 -0.9965
vn -0.0635 0.0547 0.9965
vn -0.0741 -0.0242 0.9970
vn 0.7119 0.1278 0.6905
vn 0.6969 0.0033 0.7171
vn 0.0743 0.0243 -0.9969
vn -0.1880 0.0814 -0.9788
vn 0.1880 -0.0814 0.9788
vn -0.0742 -0.0243 0.9969
vn 0.5611 0.1691 -0.8103
vn 0.0637 -0.0547 -0.9965
vn 0.5050 -0.0163 -0.8630
vn -0.5050 0.0163 0.8629
vn -0.0637 0.0546 0.9965
vn -0.5612 -0.1691 0.8103
vn -0.1878 0.0814 -0.9788
vn 0.1878 -0.0815 0.9788
vn 0.8683 0.0997 -0.4859
vn -0.5050 0.0162 0.8630
vn -0.5611 -0.1691 0.8103
vn -0.8683 -0.0997 0.4859
vn 0.1874 0.0827 0.9788
vn -0.2647 0.0525 0.9629
vn 0.2647 -0.0506 -0.9630
vn -0.1874 -0.0827 -0.9788
vn -0.2649 0.0525 0.9628
vn 0.2649 -0.0524 -0.9629
vn -0.8640 -0.0971 0.4940
vn -0.8636 -0.0278 0.5033
vn -0.7195 -0.0503 0.6926
vn 0.8640 0.0971 -0.4940
vn 0.8636 0.0285 -0.5034
vn -0.9971 0.0685 0.0335
vn -0.9999 -0.0171 -0.0016
vn -0.9912 0.0050 -0.1321
vn 0.9912 -0.0050 0.1321
vn 0.9999 0.0171 0.0016
vn 0.9971 -0.0684 -0.0335
vn -0.7195 -0.0503 0.6927
vn -0.9999 -0.0172 -0.0014
vn -0.9649 0.0310 0.2609
vn 0.9649 -0.0310 -0.2609
vn 0.9999 0.0172 0.0014
vn 0.7195 0.0503 -0.6927
vn 0.8105 0.2910 -0.5084
vn 0.5611 0.1692 -0.8103
vn 0.8820 0.2592 -0.3935
vn -0.8820 -0.2592 0.3935
vn -0.8105 -0.2910 0.5084
vn -0.5611 -0.1692 0.8103
vn -0.5251 0.8210 0.2243
vn -0.0669 0.8140 -0.5770
vn -0.4743 0.8353 -0.2782
vn -0.4047 0.8118 0.4210
vn 0.1659 0.8030 -0.5724
vn -0.2960 0.8147 0.4987
vn 0.2896 0.8057 -0.5167
vn -0.1695 0.8290 0.5329
vn 0.3844 0.8208 -0.4226
vn 0.0416 0.8595 0.5095
vn 0.4699 0.8537 -0.2244
vn 0.3946 0.8909 0.2248
vn -0.3947 -0.8909 -0.2247
vn -0.0416 -0.8595 -0.5095
vn -0.4699 -0.8537 0.2244
vn -0.3844 -0.8208 0.4224
vn 0.1697 -0.8290 -0.5329
vn -0.2898 -0.8057 0.5166
vn 0.2961 -0.8147 -0.4986
vn -0.1660 -0.8031 0.5723
vn 0.4047 -0.8118 -0.4210
vn 0.0670 -0.8141 0.5769
vn 0.5250 -0.8210 -0.2243
vn 0.4743 -0.8353 0.2782
vn 0.6906 0.2633 -0.6736
vn 0.2897 0.8057 -0.5167
vn 0.3844 0.8207 -0.4227
vn 0.4931 0.2128 -0.8435
vn -0.4931 -0.2128 0.8435
vn -0.6906 -0.2633 0.6736
vn -0.2897 -0.8057 0.5167
vn -0.3843 -0.8208 0.4227
vn 0.4982 0.0388 -0.8662
vn 0.2506 0.2209 -0.9426
vn 0.4932 0.2129 -0.8435
vn -0.4982 -0.0388 0.8662
vn -0.2506 -0.2209 0.9426
vn 0.1878 0.3766 0.9072
vn 0.3947 0.8908 0.2251
vn 0.0417 0.8594 0.5097
vn 0.7809 0.4313 0.4519
vn -0.7809 -0.4313 -0.4519
vn -0.1876 -0.3766 -0.9072
vn -0.3947 -0.8908 -0.2250
vn -0.0416 -0.8594 -0.5097
vn 0.1876 0.3767 0.9071
vn -0.2376 0.2751 0.9316
vn 0.2647 -0.0525 -0.9629
vn -0.1878 -0.3766 -0.9071
vn 0.2377 -0.2750 -0.9316
vn -0.7116 -0.1278 -0.6909
vn -0.9971 -0.0312 0.0690
vn -0.9889 -0.1280 0.0761
vn 0.9889 0.1279 -0.0761
vn 0.7116 0.1278 0.6909
vn 0.9971 0.0313 -0.0690
vn 0.6969 0.0033 0.7172
vn 0.0742 0.0243 -0.9969
vn -0.6969 -0.0033 -0.7171
vn -0.8674 0.0868 -0.4900
vn 0.8674 -0.0866 0.4900
vn -0.0742 -0.0242 0.9970
vn 0.5612 0.1691 -0.8102
vn -0.7119 -0.1279 -0.6906
vn 0.7119 0.1279 0.6905
vn -0.5612 -0.1691 0.8102
vn -0.8675 0.0866 -0.4899
vn -0.1881 0.0814 -0.9788
vn 0.1881 -0.0814 0.9788
vn 0.8674 -0.0868 0.4899
vn -0.0741 -0.0243 0.9970
vn 0.2505 0.2209 -0.9426
vn -0.1878 0.0815 -0.9788
vn -0.1882 0.2973 -0.9360
vn 0.2646 0.0525 -0.9629
vn -0.2505 -0.2209 0.9426
vn 0.1882 -0.2973 0.9361
vn -0.2649 0.0524 0.9629
vn -0.4983 0.0382 0.8662
vn 0.4983 -0.0382 -0.8662
vn 0.2649 -0.0525 -0.9628
vn -0.9999 -0.0172 -0.0016
vn 0.9998 0.0173 0.0016
vn 0.7195 0.0504 -0.6926
vn -0.7102 0.0359 0.7031
vn -0.8636 -0.0277 0.5034
vn 0.8636 0.0277 -0.5035
vn 0.7102 -0.0359 -0.7031
vn -0.9888 -0.1280 0.0766
vn -0.8637 -0.0277 0.5032
vn -0.9971 -0.0313 0.0690
vn 0.9888 0.1280 -0.0766
vn 0.8637 0.0277 -0.5032
vn 0.9970 0.0346 -0.0689
vn -0.9623 -0.0185 -0.2712
vn -0.9999 -0.0171 -0.0015
vn -0.9020 -0.0614 -0.4273
vn -0.9913 0.0050 -0.1319
vn 0.9913 -0.0049 0.1318
vn 0.9623 0.0186 0.2712
vn 0.9999 0.0171 0.0015
vn 0.9020 0.0614 0.4273
vn 0.5612 0.1692 -0.8102
vn 0.8568 0.3631 -0.3660
vn 0.4954 0.3339 -0.8019
vn 0.8103 0.2913 -0.5084
vn -0.8104 -0.2913 0.5084
vn -0.8568 -0.3632 0.3660
vn -0.4952 -0.3340 0.8020
vn -0.6886 0.2342 0.6862
vn -0.5250 0.8210 0.2242
vn -0.9019 0.3050 0.3058
vn -0.4047 0.8118 0.4209
vn 0.4048 -0.8118 -0.4208
vn 0.6886 -0.2342 -0.6862
vn 0.5251 -0.8210 -0.2241
vn 0.9019 -0.3050 -0.3058
vn -0.6883 0.2342 0.6865
vn -0.2960 0.8147 0.4986
vn -0.4046 0.8118 0.4210
vn -0.4823 0.2270 0.8461
vn 0.4823 -0.2270 -0.8461
vn 0.6884 -0.2342 -0.6865
vn 0.2960 -0.8147 -0.4987
vn 0.4046 -0.8118 -0.4210
vn -0.4824 0.2270 0.8460
vn -0.2962 0.8146 0.4987
vn -0.2377 0.2751 0.9316
vn 0.2377 -0.2751 -0.9316
vn 0.4824 -0.2270 -0.8460
vn 0.1694 -0.8290 -0.5329
vn 0.2960 -0.8146 -0.4987
vn -0.1697 0.8289 0.5330
vn 0.1876 0.3766 0.9072
vn 0.1697 -0.8289 -0.5330
vn -0.0418 -0.8594 -0.5096
vn 0.2898 0.8058 -0.5165
vn 0.1660 0.8031 -0.5723
vn 0.4932 0.2128 -0.8435
vn -0.4932 -0.2128 0.8435
vn -0.2506 -0.2208 0.9426
vn -0.1659 -0.8031 0.5723
vn 0.1659 0.8031 -0.5722
vn -0.1883 0.2973 -0.9360
vn -0.0673 0.8142 -0.5767
vn -0.1658 -0.8031 0.5723
vn 0.1882 -0.2974 0.9360
vn 0.0673 -0.8142 0.5767
vn -0.1885 0.2972 -0.9360
vn -0.4742 0.8353 -0.2782
vn -0.8083 0.3611 -0.4651
vn 0.8082 -0.3612 0.4651
vn 0.1884 -0.2973 0.9360
vn 0.4742 -0.8353 0.2782
vn 0.0668 -0.8140 0.5770
vn -0.9020 0.3051 0.3055
vn -0.4743 0.8353 -0.2781
vn -0.8081 0.3613 -0.4653
vn -0.5250 0.8210 0.2243
vn 0.9020 -0.3050 -0.3055
vn 0.4743 -0.8353 0.2780
vn 0.8081 -0.3613 0.4653
vn -0.4824 0.2268 0.8461
vn 0.4824 -0.2269 -0.8461
vn -0.9888 -0.1280 0.0761
vn -0.7116 -0.1279 -0.6909
vn -0.2832 0.0548 -0.9575
vn 0.2832 -0.0549 0.9575
vn 0.7116 0.1279 0.6909
vn 0.9889 0.1280 -0.0761
vn -0.8674 0.0868 -0.4899
vn 0.9971 0.0312 -0.0690
vn 0.8675 -0.0868 0.4898
vn 0.5613 0.1692 -0.8102
vn -0.2834 0.0548 -0.9574
vn -0.7117 -0.1278 -0.6907
vn 0.7117 0.1279 0.6907
vn 0.2834 -0.0548 0.9574
vn -0.1881 0.0815 -0.9788
vn -0.8082 0.3613 -0.4651
vn -0.1884 0.2973 -0.9360
vn 0.1881 -0.0815 0.9788
vn 0.8082 -0.3613 0.4651
vn -0.4984 0.0382 0.8661
vn -0.7101 0.0359 0.7032
vn 0.7101 -0.0359 -0.7032
vn 0.4984 -0.0382 -0.8661
vn -0.8640 -0.0971 0.4941
vn -0.9019 -0.0615 -0.4275
vn -0.9999 -0.0172 -0.0015
vn 0.9999 0.0172 0.0015
vn 0.9019 0.0615 0.4274
vn 0.8640 0.0972 -0.4941
vn -0.7102 0.0359 0.7030
vn -0.9433 0.0483 0.3285
vn 0.8636 0.0277 -0.5034
vn 0.9433 -0.0482 -0.3285
vn 0.7102 -0.0359 -0.7030
vn -0.9020 -0.0615 -0.4274
vn -0.9433 0.0482 0.3284
vn 0.9433 -0.0482 -0.3284
vn -0.9623 -0.0186 -0.2715
vn -0.9019 -0.0614 -0.4275
vn -0.6840 0.1127 -0.7207
vn 0.6840 -0.1126 0.7207
vn 0.9019 0.0614 0.4275
vn 0.9623 0.0186 0.2715
vn 0.5612 0.1693 -0.8102
vn 0.3902 0.3454 -0.8535
vn -0.2835 0.0549 -0.9574
vn 0.4950 0.3337 -0.8023
vn -0.4950 -0.3336 0.8023
vn -0.5613 -0.1693 0.8101
vn -0.3902 -0.3453 0.8535
vn -0.7103 0.0359 0.7030
vn -0.6887 0.2341 0.6862
vn 0.6887 -0.2341 -0.6863
vn 0.7103 -0.0359 -0.7030
vn 0.9433 -0.0483 -0.3285
vn -0.4823 0.2269 0.8461
vn -0.6884 0.2340 0.6865
vn 0.4823 -0.2269 -0.8461
vn 0.6884 -0.2340 -0.6866
vn -0.9432 0.0483 0.3286
vn -0.9020 0.3050 0.3054
vn 0.9432 -0.0483 -0.3286
vn 0.8081 -0.3612 0.4653
vn -0.9888 -0.1280 0.0768
vn -0.2836 0.0548 -0.9574
vn 0.9020 0.0616 0.4274
vn 0.2836 -0.0548 0.9574
vn 0.9888 0.1280 -0.0768
vn -0.8675 0.0867 -0.4899
vn -0.9971 -0.0313 0.0692
vn 0.9971 0.0313 -0.0692
vn 0.8675 -0.0867 0.4899
vn -0.9018 -0.0613 -0.4277
vn -0.5219 0.1820 -0.8334
vn -0.6834 0.1130 -0.7212
vn -0.7058 0.0225 -0.7081
vn 0.7058 -0.0225 0.7081
vn 0.9018 0.0613 0.4277
vn 0.5219 -0.1820 0.8334
vn 0.6834 -0.1129 0.7212
vn 0.0496 0.3169 -0.9472
vn -0.2834 0.0549 -0.9574
vn -0.3902 -0.3454 0.8535
vn 0.2835 -0.0548 0.9574
vn -0.0495 -0.3169 0.9472
vn -0.7072 0.0218 -0.7067
vn -0.2837 0.0547 -0.9573
vn 0.0475 0.3166 -0.9474
vn -0.9020 -0.0616 -0.4274
vn 0.7071 -0.0218 0.7068
vn 0.2837 -0.0546 0.9574
vn -0.0477 -0.3169 0.9472
vt 109.386597 -11.706180
vt 105.119904 -8.596006
vt 108.059196 -12.358600
vt 106.074303 -7.465974
vt 9.877650 -71.183273
vt 3.143535 -71.183273
vt 3.143535 -76.563858
vt 118.212402 2.662270
vt 112.939796 2.940298
vt 117.456100 1.391179
vt 113.122902 4.408028
vt 119.479301 2.406551
vt 114.867500 2.074019
vt 114.867500 1.170813
vt 119.027702 3.188750
vt 122.855400 5.782650
vt 122.073196 6.234253
vt 124.091202 10.394490
vt 123.188004 10.394490
vt 122.855400 15.006320
vt 122.073196 14.554720
vt 119.027702 17.600220
vt 119.479301 18.382420
vt 114.867500 18.714951
vt 114.867500 19.618160
vt 110.255600 2.406551
vt 110.707199 3.188750
vt 106.879501 5.782650
vt 107.661697 6.234253
vt 105.643799 10.394490
vt 106.546997 10.394490
vt 107.661697 14.554720
vt 106.879501 15.006320
vt 110.707199 17.600220
vt 110.255600 18.382420
vt 99.972076 3.557754
vt 99.595306 -1.708698
vt 101.074402 -1.708698
vt 98.617142 2.964552
vt -21.873989 -35.830841
vt -29.368879 -40.088261
vt -26.243811 -41.674160
vt 3.143535 -110.953499
vt 9.877650 -105.572899
vt 3.143535 -105.572899
vt 9.877650 -110.953499
vt 112.032501 31.003941
vt 106.759903 30.725910
vt 107.516197 29.454821
vt 111.849403 32.471668
vt 109.386597 30.359690
vt 105.119904 27.249519
vt 106.074303 26.119490
vt 108.059196 31.012119
vt 101.074402 22.224470
vt 98.617142 17.551220
vt 99.972076 16.958019
vt 99.595306 22.224470
vt 94.886009 41.302540
vt 90.619362 38.192371
vt 91.946800 37.539940
vt 93.931664 42.432571
vt 83.233887 25.649130
vt 80.776611 20.975880
vt 82.255722 20.975880
vt 81.878952 26.242331
vt 83.233887 -5.133355
vt 80.776611 -0.460105
vt 81.878952 -5.726557
vt 82.255722 -0.460105
vt 94.886009 -22.649019
vt 90.619362 -19.538851
vt 93.931664 -23.779051
vt 91.946800 -18.886419
vt 112.032501 -14.420500
vt 106.759903 -14.142470
vt 111.849403 -15.888229
vt 107.516197 -12.871380
vt 118.212402 13.921170
vt 112.939796 13.643140
vt 113.122902 12.175410
vt 117.456100 15.192260
vt -23.028410 -20.800489
vt -24.975620 -15.562880
vt -25.290831 -20.934219
vt -46.516338 -14.699130
vt -51.343121 -20.171049
vt -49.841660 -19.167681
vt -5.428901 -1.016553
vt -8.629254 0.411322
vt -5.563877 -1.105142
vt -109.670197 1.392597
vt -120.064697 1.392597
vt -114.867500 0.000000
vt -114.867500 2.074019
vt -110.707199 3.188750
vt -105.865601 5.197243
vt -107.661697 6.234253
vt -104.473000 10.394490
vt -106.546997 10.394490
vt -105.865601 15.591730
vt -107.661697 14.554720
vt -110.707199 17.600220
vt -109.670197 19.396379
vt -114.867500 18.714951
vt -119.027702 3.188750
vt -123.869400 5.197243
vt -122.073196 6.234253
vt -125.262001 10.394490
vt -123.188004 10.394490
vt -122.073196 14.554720
vt -123.869400 15.591730
vt -119.027702 17.600220
vt -120.064697 19.396379
vt -114.867500 20.788971
vt -3.143535 116.334099
vt -9.877650 110.953499
vt -3.143535 110.953499
vt -9.877650 116.334099
vt 9.877650 85.883301
vt 3.143535 91.263878
vt 3.143535 85.883301
vt 2.269314 38.823372
vt -0.603229 42.457088
vt -0.561590 37.076672
vt -3.143535 91.263878
vt -9.877650 85.883301
vt -3.143535 85.883301
vt -9.877650 91.263878
vt -9.877650 42.460491
vt -3.143535 37.079899
vt -3.143535 42.460491
vt -9.877650 37.079899
vt -9.877650 -16.999300
vt -3.143535 -22.379881
vt -3.143535 -16.999300
vt -9.877650 -22.379881
vt -9.877650 -76.563858
vt -3.143535 -71.183273
vt -9.877650 -71.183273
vt -3.143535 -76.563858
vt -9.877650 -110.953499
vt -3.143535 -105.572899
vt -9.877650 -105.572899
vt -3.143535 -110.953499
vt 9.877650 116.334099
vt 3.143535 110.953499
vt 9.877650 110.953499
vt 3.143535 116.334099
vt -22.646250 -26.231609
vt -22.749660 -25.267820
vt -25.011990 -25.402941
vt -17.056990 -17.445160
vt -19.298571 -13.730370
vt -17.291901 -18.945480
vt 38.674599 -52.994289
vt 37.065498 -58.326881
vt 37.927139 -59.288342
vt 7.540705 -76.119522
vt 6.345954 -77.473663
vt 7.412419 -76.313301
vt -10.625420 -11.116650
vt -13.680660 -9.579879
vt -11.272450 -12.520100
vt 120.451401 -16.550560
vt 123.327202 -18.379530
vt 119.967300 -15.050739
vt 120.436096 -16.711290
vt 5.502572 -23.069361
vt 5.506639 -20.604450
vt 5.339593 -22.113840
vt 9.788472 -23.069361
vt 5.609958 -19.848539
vt 6.212613 -18.425480
vt 6.345954 -18.334440
vt 9.374974 -21.715420
vt 8.493863 -18.334440
vt 8.918637 -19.662729
vt 9.301505 -20.216820
vt 9.752074 -22.757610
vt 96.091972 -24.157579
vt 97.908699 -30.433020
vt 98.928337 -28.729851
vt 122.641403 14.281540
vt 123.596298 8.580210
vt 123.993698 9.073655
vt 57.212421 31.488180
vt 57.753300 36.841511
vt 57.131611 32.855640
vt 4.909091 91.439560
vt 3.934022 91.199402
vt 5.061457 86.061142
vt 4.991077 92.301521
vt 11.667680 86.849739
vt 9.584410 90.703110
vt 3.761587 36.603168
vt 3.373427 37.161228
vt 0.538622 35.420860
vt 2.019036 38.642429
vt 1.932638 40.141769
vt -0.855393 42.274658
vt 126.815300 12.396470
vt 124.802002 10.329220
vt 126.849800 10.125190
vt 124.865700 10.582520
vt 124.602898 11.515540
vt 0.838357 40.864712
vt 0.805528 41.123821
vt -1.563024 41.944408
vt -16.178699 -16.283979
vt -18.561449 -13.323080
vt -16.314640 -17.034710
vt 124.326202 12.531000
vt 124.716904 11.063500
vt 126.930901 11.940640
vt 23.318140 -53.654091
vt 22.079679 -59.870190
vt 22.341351 -60.000069
vt -100.778099 -53.124451
vt -96.991951 -52.537861
vt -96.754730 -51.268791
vt 8.236793 -77.206848
vt 8.488236 -77.355568
vt 8.493863 -77.473663
vt 126.889099 15.190330
vt 122.870796 16.538549
vt 126.893898 14.051560
vt 122.733002 16.725679
vt 123.409897 17.358971
vt 123.802299 15.864200
vt 126.596901 16.366541
vt -118.690804 8.089855
vt -121.468803 7.993489
vt -119.051102 6.633363
vt 78.431892 -2.843894
vt 78.159912 -6.138347
vt 78.440529 -7.612265
vt -117.815399 -14.650120
vt -120.873703 -12.995790
vt -120.592499 -14.770410
vt -117.773697 -13.977910
vt 31.262230 -1.174332
vt 30.354891 -3.900734
vt 30.756861 -4.441134
vt -113.538696 -5.482213
vt -116.859001 -6.022296
vt -113.718201 -6.865162
vt -113.461998 -5.392206
vt 42.412460 -4.252837
vt 41.043671 -5.690502
vt 41.544479 -6.992024
vt 126.964996 13.732310
vt 124.359200 12.528050
vt 126.963303 11.935550
vt 124.164200 13.265660
vt 5.532901 41.357498
vt 9.788472 41.616920
vt 5.502572 41.616920
vt 5.912639 40.304649
vt 5.986685 38.804649
vt 6.371882 38.244549
vt 6.805793 36.882011
vt 8.896565 36.882011
vt 9.076225 37.005459
vt 9.675866 38.432320
vt 9.779038 39.196758
vt 9.943815 40.707001
vt -123.025299 5.286307
vt -125.261398 6.727350
vt -125.226700 4.456071
vt -123.275597 6.174794
vt -123.199097 6.479200
vt 121.123299 11.135970
vt 120.724800 10.643410
vt 120.813004 10.342210
vt -123.567703 3.324297
vt -125.868896 2.506270
vt -123.808601 2.242469
vt -125.931099 4.776962
vt 36.953201 -5.526061
vt 36.627102 -10.283280
vt 37.054401 -11.305910
vt 87.281639 -31.807487
vt 88.634361 -38.084091
vt 88.694138 -38.186089
vt 20.909330 44.909012
vt 20.780050 41.645321
vt 20.831961 40.875690
vt 23.256510 31.210011
vt 23.085279 32.569111
vt 22.449110 31.158159
vt 24.240089 16.174660
vt 23.432631 16.123800
vt 23.250469 16.004070
vt 8.023184 91.464317
vt 7.019580 90.329300
vt 9.030170 86.301109
vt 4.562041 91.732109
vt 9.159314 90.145073
vt 8.225123 91.418694
vt 6.831619 90.291847
vt 6.699019 90.083763
vt 8.846578 86.265839
vt 3.886488 36.045448
vt 3.444383 37.405361
vt 0.222169 36.221001
vt 124.152802 22.047440
vt 121.352203 21.179190
vt 124.446602 20.274851
vt 121.389999 21.857901
vt 0.611133 38.549938
vt 0.220158 39.598671
vt -2.182553 40.675411
vt 122.632103 10.827140
vt 122.271400 9.369278
vt 125.036499 9.521292
vt 126.990303 10.077770
vt 124.702202 9.201810
vt 127.056198 7.807181
vt 124.943802 10.294650
vt 126.735901 9.962925
vt 126.726799 7.691400
vt 146.803497 6.153810
vt -91.770622 -76.197609
vt -87.972649 -75.532570
vt -88.057602 -75.253059
vt -91.058487 -77.086258
vt 124.565201 27.393820
vt 124.680298 26.260870
vt 145.032501 25.748899
vt -146.764404 4.165537
vt -126.647697 2.155849
vt -126.677902 3.952360
vt 125.787697 15.571970
vt 125.812302 13.775380
vt 145.997192 12.664520
vt 52.676331 42.194901
vt 52.799610 43.947220
vt 52.612518 43.115768
vt 121.871498 18.749510
vt 118.560303 18.108040
vt 118.514099 18.053730
vt 118.742699 19.526331
vt 6.808930 90.980141
vt 8.896565 91.051422
vt 6.805793 91.051422
vt 7.065933 90.823982
vt 7.887299 89.921432
vt 7.753436 89.714149
vt -114.605003 42.405910
vt -117.417702 44.392460
vt -114.165298 40.956001
vt -114.578598 42.622292
vt -124.362000 8.437602
vt -127.149101 7.999630
vt -123.976097 6.938746
vt -124.002899 8.060645
vt -126.791496 9.450571
vt -126.794800 7.653808
vt -124.199402 8.806576
vt -124.666603 9.882771
vt -126.869301 9.056109
vt -124.276703 8.414448
vt 30.018650 42.200932
vt 30.051331 40.682072
vt 30.250071 43.942268
vt -127.247398 10.498080
vt -147.438507 9.392380
vt -127.280502 8.226780
vt -127.148697 9.772160
vt -147.242203 9.192951
vt -127.176399 7.500786
vt 4.477101 91.260529
vt 8.140335 90.948898
vt 8.137741 91.020187
vt -122.790001 9.873086
vt -126.765099 11.320530
vt -122.645699 9.672934
vt -126.752098 12.459240
vt 127.018799 2.678120
vt 127.036102 0.881438
vt 147.115402 0.736005
vt 126.533302 4.263459
vt 126.495102 1.992237
vt 146.602295 2.628691
vt 124.757698 -5.876309
vt 144.613602 -10.668040
vt 144.924698 -7.274960
vt -145.763397 -14.138070
vt -125.269699 -16.808340
vt -125.392403 -15.676189
vt 124.047897 2.152420
vt 144.229599 -0.942301
vt 144.402496 1.747293
vt 143.848495 20.798281
vt 123.424896 20.332649
vt 143.920700 19.091631
vt -146.904694 -3.004618
vt -126.822098 -3.455095
vt -146.937103 -0.309664
vt -147.094604 0.968317
vt -127.011299 1.834517
vt -147.067902 4.375527
vt 99.008476 75.747101
vt 95.273361 74.941727
vt 95.367310 74.656052
vt 98.267761 76.612061
vt 108.167000 56.263962
vt 104.429100 55.573872
vt 104.193703 54.289742
vt -147.467697 8.888621
vt -127.288597 5.927264
vt -127.309601 7.723907
vt -147.316101 9.149360
vt -147.452606 5.744781
vt -127.279404 7.140565
vt -147.387405 0.104797
vt -126.976799 -1.614297
vt -127.079697 -0.480175
vt 147.051804 -4.681802
vt 126.974297 -4.374492
vt 147.066605 -7.376910
vt 146.864899 -1.867023
vt 126.770103 -2.818804
vt 146.810501 -5.273905
vt 163.278397 3.243374
vt 146.764008 -0.274295
vt 163.202896 -0.640230
vt 146.830200 3.132376
vt 134.229004 61.910839
vt 114.457703 57.052380
vt 134.863907 60.325031
vt 163.261703 6.587399
vt 146.846893 9.188692
vt 146.813400 6.493750
vt 163.299805 9.659632
vt 163.158905 15.086820
vt 146.686203 16.346399
vt 146.705307 14.638330
vt 163.137100 17.034010
vt -163.208206 14.741460
vt -147.070496 10.115430
vt -146.863098 12.802580
vt -163.444702 11.678100
vt -163.585007 8.698011
vt -147.268204 4.355011
vt -147.163193 7.760709
vt -163.704697 4.815516
vt 147.474396 4.907922
vt 127.023399 7.398995
vt 127.140701 6.266271
vt -146.975296 12.853620
vt -147.136093 10.163280
vt -126.825203 9.700721
vt -147.299301 2.697464
vt -163.671906 6.470070
vt -163.747498 2.586466
vt -147.233002 6.104135
vt -146.951599 3.461795
vt -146.884598 1.754933
vt -126.509697 2.165984
vt 161.964294 -21.387621
vt 145.826599 -16.761589
vt 145.619202 -19.448750
vt 162.200699 -18.324270
vt -140.923096 -40.850842
vt -121.153099 -36.175331
vt -141.524307 -39.251961
vt 162.994797 -8.389598
vt 146.677902 -4.046599
vt 146.572906 -7.452295
vt 163.114395 -4.507104
vt 163.379395 4.793135
vt 163.340805 0.908989
vt 187.128296 3.303425
vt 159.243805 39.356789
vt 142.686096 38.097031
vt 143.041397 36.426208
vt 158.838806 41.261532
vt 163.335007 9.981443
vt 163.302902 6.909141
vt 187.083893 7.956870
vt 163.449493 15.100500
vt 163.448303 13.153180
vt 187.208893 12.962160
vt -182.351303 -34.038700
vt -158.352005 -32.502731
vt -158.952301 -29.489479
vt -185.927902 -9.222019
vt -161.899399 -11.650790
vt -162.172699 -7.776081
vt -147.347107 3.195110
vt -163.761902 5.796403
vt -163.800095 2.724169
vt -147.313705 5.890051
vt -163.555801 4.573937
vt -187.336899 2.220362
vt -163.586395 0.689718
vt -147.437195 5.861262
vt -163.909897 7.120847
vt -163.888107 5.173649
vt -147.456406 7.569330
vt -162.444794 -20.664640
vt -145.887207 -19.404869
vt -146.242493 -17.734051
vt -162.039795 -22.569370
vt 185.514801 27.749729
vt 161.535995 26.129061
vt 162.133499 23.115250
vt 187.286606 9.316075
vt 163.272400 11.693830
vt 163.537598 7.818553
vt 187.299805 3.643173
vt 187.224304 7.021705
vt 163.524796 3.873074
vt 187.163803 6.523016
vt 163.390900 5.307736
vt 187.141693 3.850058
vt 176.421295 -57.754280
vt 154.891602 -47.137562
vt 154.240906 -48.972969
vt 163.445602 13.172170
vt 187.206299 11.291700
vt 187.206207 12.985860
vt 186.541504 -7.659924
vt 162.988800 -3.988964
vt 186.388199 -9.347144
vt -174.278000 -66.339531
vt -151.570099 -59.215691
vt -175.173401 -63.820900
vt -187.016296 -3.972377
vt -186.943100 -7.350959
vt -163.166595 -7.775122
vt -163.692795 5.237018
vt -187.469498 4.223781
vt -163.720398 2.164673
vt -186.766098 -7.830065
vt -163.070007 -4.735373
vt -186.848602 -4.451698
vt -187.315506 2.346277
vt -187.332108 -0.326719
vt -163.562805 0.848553
vt -187.098907 9.457557
vt -163.341202 7.286351
vt -163.337906 9.233668
vt -170.615097 77.439697
vt -149.142700 66.721909
vt -148.475998 68.551537
vt -184.799805 30.969419
vt -161.258408 27.232479
vt -184.636307 32.655682
vt 178.971298 55.953548
vt 156.342194 48.592468
vt 179.881699 53.440331
vt 187.292496 1.186801
vt 163.518906 1.530550
vt 187.361694 -2.191866
vt 187.017303 12.576340
vt 214.259598 16.345119
vt 186.780807 15.947430
vt 214.377808 14.659570
vt 214.325500 14.894480
vt 186.714096 17.268070
vt 186.845505 14.598250
vt 214.259903 16.229389
vt 213.927505 11.997590
vt 186.377899 11.983220
vt 213.930603 11.150510
vt 186.371597 13.677380
vt 210.503296 -31.498367
vt 183.445297 -26.317230
vt 183.121399 -27.980129
vt 210.665298 -30.666920
vt -185.345795 -105.706200
vt -161.114594 -92.781151
vt -162.396805 -90.435677
vt -184.704697 -106.878899
vt -184.876099 -22.059071
vt -211.738297 -28.514709
vt -184.474304 -25.414471
vt -211.939194 -26.837000
vt -187.134506 7.508515
vt -187.134201 5.814347
vt -163.373199 5.595989
vt -213.080399 -15.000229
vt -185.483398 -16.288090
vt -185.719894 -12.917000
vt -212.962097 -16.685770
vt -185.624695 -7.954320
vt -213.039093 -9.585458
vt -185.493301 -10.624140
vt -213.104706 -8.250549
vt -207.279404 53.526958
vt -180.221405 48.345810
vt -179.897400 50.008709
vt -207.441299 52.695499
vt 192.542404 95.418854
vt 168.311203 82.493813
vt 169.593307 80.148338
vt 191.901306 96.591583
vt 213.869995 21.078421
vt 186.405106 19.655880
vt 186.806900 16.300480
vt 213.669098 22.756121
vt 191.691101 83.316322
vt 189.031494 83.537308
vt 189.704697 81.987511
vt 191.377899 84.037277
vt 197.915405 57.769779
vt 195.199600 58.668499
vt 195.548492 57.378319
vt 197.753098 58.369961
vt 191.818695 13.857690
vt 189.266693 13.711300
vt 191.825699 13.463700
vt 189.251694 14.558250
vt 143.053604 -116.884598
vt 145.737000 -117.700897
vt 143.622101 -116.256599
vt 145.472595 -117.993103
vt -62.352829 -190.225693
vt -61.226299 -188.114807
vt -62.485920 -187.667999
vt -61.766869 -190.433502
vt -165.117294 -114.628197
vt -166.325302 -116.991997
vt -164.163803 -116.023102
vt -166.768906 -116.343102
vt -184.838593 6.852360
vt -212.388199 6.837998
vt -184.832306 5.158204
vt -212.391403 7.685076
vt -183.794907 -80.752861
vt -180.856400 -81.580780
vt -181.537598 -80.034500
vt -183.477997 -81.472168
vt -179.199905 -55.712139
vt -181.630707 -56.219620
vt -178.787903 -56.983601
vt -181.822296 -55.628151
vt -100.127899 138.177795
vt -98.083160 136.134506
vt -97.433243 136.677795
vt -100.430298 137.925095
vt 58.539902 186.611404
vt 57.055851 189.587997
vt 57.248241 186.954697
vt 57.656719 189.428299
vt 163.119995 127.498001
vt 160.931000 126.424599
vt 161.992996 125.110397
vt 162.625900 128.109406
vt 5.832970 10.275380
vt 6.166881 10.853740
vt 5.818712 10.669180
vt 6.205834 9.777857
vt 6.784185 10.779590
vt 6.837395 9.309913
vt 7.505217 10.466610
vt 7.558428 8.996937
vt 8.136778 9.998669
vt 8.175731 8.922791
vt 8.509642 9.501142
vt 8.523900 9.107343
vt -160.695602 4.834360
vt -163.559204 5.083296
vt -160.676300 3.987494
vt -163.568100 5.477251
vt 2.239683 -110.416702
vt 9.877650 -106.109703
vt 2.239683 -106.109703
vt 9.877650 -110.416702
vt -2.239683 115.797302
vt -9.877650 111.490303
vt -2.239683 111.490303
vt -9.877650 115.797302
vt 2.239683 -76.027061
vt 9.877650 -71.720070
vt 2.239683 -71.720070
vt 9.877650 -76.027061
vt -9.877650 90.727081
vt -2.239683 86.420090
vt -2.239683 90.727081
vt -9.877650 86.420090
vt 9.877650 -21.843090
vt 2.239683 -17.536091
vt 2.239683 -21.843090
vt 9.877650 -17.536091
vt -9.877650 41.923691
vt -2.239683 37.616699
vt -2.239683 41.923691
vt -9.877650 37.616699
vt 2.239683 37.616699
vt 9.877650 41.923691
vt 2.239683 41.923691
vt 9.877650 37.616699
vt -9.877650 -17.536091
vt -2.239683 -21.843090
vt -2.239683 -17.536091
vt -9.877650 -21.843090
vt 9.877650 90.727081
vt 2.239683 86.420090
vt 9.877650 86.420090
vt 2.239683 90.727081
vt -9.877650 -71.720070
vt -2.239683 -76.027061
vt -2.239683 -71.720070
vt -9.877650 -76.027061
vt 9.877650 115.797302
vt 2.239683 111.490303
vt 9.877650 111.490303
vt 2.239683 115.797302
vt -9.877650 -110.416702
vt -2.239683 -106.109703
vt -9.877650 -106.109703
vt -2.239683 -110.416702
vt -103.339600 6.173809
vt -106.866600 7.687010
vt -103.355598 4.983370
vt -106.994102 7.896256
vt 76.713333 67.811951
vt 73.196037 65.824333
vt 76.645569 66.519112
vt -99.522087 31.555180
vt -101.902603 33.605209
vt -101.944603 33.381908
vt -102.179298 35.101452
vt -100.594902 -5.912034
vt -100.468697 -7.095875
vt -82.343842 -7.706491
vt 64.174759 79.738457
vt 66.689117 81.647568
vt 63.335312 80.582687
vt 66.821037 81.368736
vt -105.648903 8.638649
vt -105.300301 7.071700
vt -102.824799 7.529569
vt -99.590187 23.190121
vt -81.658333 19.896090
vt -81.461510 22.706869
vt -81.029320 8.124171
vt -99.236382 7.694557
vt -80.947433 6.340230
vt 94.840271 31.270550
vt 91.857758 30.601950
vt 94.731491 29.792259
vt 94.880119 31.327160
vt 101.417099 23.732510
vt 101.273102 24.914320
vt 83.116203 26.331530
vt -103.322304 12.410040
vt -105.629501 11.204870
vt -103.326401 10.531610
vt -105.803703 11.984710
vt -101.788101 10.784000
vt -101.762299 8.905741
vt -83.820976 7.688117
vt -70.209846 15.481440
vt -84.788773 18.200890
vt -84.829903 15.383530
vt -70.162956 18.693220
vt -69.831451 9.402618
vt -84.481537 10.719420
vt -84.458023 8.933760
vt -69.858261 11.438280
vt 98.739510 32.944881
vt 95.904869 34.591969
vt 96.261436 32.747681
vt 98.738350 33.651051
vt -90.811737 -44.595711
vt -72.596458 -41.452389
vt -73.318062 -39.818851
vt -105.559700 11.373410
vt -105.213600 9.838348
vt -103.255898 10.702590
vt -101.359596 14.833240
vt -101.400299 12.458790
vt -83.418358 13.614710
vt -70.333099 18.412670
vt -70.367111 15.200720
vt -49.232750 16.260000
vt -70.246208 17.563669
vt -84.947617 13.886380
vt -70.339119 13.503830
vt -84.866127 17.447639
vt -70.855461 12.498950
vt -70.859528 10.463120
vt -49.744560 10.229060
vt -65.790512 -23.742149
vt -79.618790 -28.755920
vt -65.296669 -25.717180
vt -80.051979 -27.023439
vt 100.192703 16.488119
vt 97.711868 16.329210
vt 99.881142 14.964170
vt 85.190643 17.082109
vt 103.056503 15.051760
vt 103.035103 16.930071
vt 103.135498 12.866040
vt 85.275078 16.004919
vt 85.293259 13.187320
vt -103.600098 11.238010
vt -105.395203 9.123015
vt -103.557602 8.863597
vt -105.328697 9.441244
vt -105.556099 10.370080
vt -84.227539 19.490391
vt -102.187401 18.031610
vt -84.395317 15.932150
vt -49.463070 17.610580
vt -70.588257 16.381889
vt -49.483570 14.816100
vt -70.822601 14.124080
vt -49.707180 12.124630
vt -49.707569 13.895800
vt -70.553139 16.606510
vt -70.590782 12.545790
vt -49.451038 15.006310
vt -84.824883 15.275900
vt -70.366447 10.736320
vt -70.219299 14.794560
vt -84.953957 11.716050
vt -69.141678 21.907080
vt -69.942947 20.035549
vt -50.755360 10.943860
vt 85.711952 4.906009
vt 71.473396 9.736828
vt 71.182922 6.537862
vt 85.966751 7.712121
vt 104.267403 16.161320
vt 102.240303 15.245690
vt 104.063103 15.018980
vt 102.159302 17.619101
vt 103.311096 10.897340
vt 85.514389 13.463910
vt 85.447578 9.902341
vt -103.610100 8.883001
vt -105.649498 8.027913
vt -103.533699 6.509435
vt -105.445297 9.158753
vt -102.747200 13.685320
vt -102.781303 11.310770
vt -84.919220 11.916290
vt -26.060221 11.865000
vt -50.667931 14.345330
vt -50.506550 11.555450
vt -26.140909 13.259940
vt -26.330481 11.927390
vt -50.862171 11.912370
vt -26.326590 11.041810
vt -50.869949 13.683530
vt -71.043228 10.202110
vt -49.906620 9.905572
vt -50.008080 13.437100
vt -69.773598 14.246410
vt -84.557426 13.072150
vt -70.064079 11.047440
vt -84.302620 15.878260
vt -71.032837 2.316544
vt -49.924870 3.826778
vt -71.368469 6.363551
vt -103.083199 12.072890
vt -85.266663 9.416414
vt -85.233818 12.978460
vt -71.563293 6.008651
vt -50.918251 0.349016
vt -50.717621 2.108792
vt 65.918602 31.950390
vt 45.264091 27.139771
vt 66.647423 28.822041
vt 70.888741 8.891899
vt 85.623413 11.970400
vt 71.035889 12.950130
vt 85.494324 8.410550
vt 103.781998 11.539050
vt 101.774101 12.992530
vt 101.816399 10.618120
vt 103.543198 12.514430
vt 103.598602 12.779240
vt 103.379303 12.085420
vt 85.500488 11.420080
vt 103.332397 9.711094
vt -103.825798 6.456903
vt -104.137001 4.934395
vt -101.643799 5.035128
vt -23.818630 5.159759
vt -26.046310 4.636408
vt -23.594049 4.549788
vt -26.529079 5.947633
vt -26.101351 11.164020
vt -50.255661 7.227627
vt -25.956120 9.403511
vt -50.546101 10.748650
vt -22.625731 10.269410
vt -25.356939 10.529640
vt -22.615480 9.857567
vt -25.378969 11.414960
vt -50.972549 7.914948
vt -27.037960 2.535388
vt -26.840500 3.398680
vt -51.367470 6.188362
vt -70.984070 10.054680
vt -49.760010 6.079439
vt -49.850021 9.611275
vt 69.390602 14.694980
vt 83.218880 19.708750
vt 68.896759 16.670010
vt 83.652077 17.976259
vt -70.170807 -8.335420
vt -69.438652 -11.462990
vt -48.762421 -6.741174
vt -103.289200 7.450114
vt -85.400749 4.161801
vt -85.440689 6.979174
vt -67.707932 -20.677999
vt -46.764278 -15.963720
vt -47.842239 -13.385440
vt -103.407700 8.869550
vt -103.370598 6.991480
vt -85.517227 6.768626
vt 61.850109 36.886440
vt 40.981880 31.927219
vt 42.077179 29.356260
vt 69.879807 17.114010
vt 69.554138 21.161831
vt 48.453770 19.597630
vt 85.398148 7.114257
vt 70.871140 11.058060
vt 70.778236 6.998221
vt 85.479652 10.675520
vt 105.157303 8.429983
vt 103.189903 7.512976
vt 105.504501 6.895783
vt 85.469391 12.297900
vt 103.299500 8.315658
vt 103.310699 10.690430
vt -101.103500 -7.604055
vt -103.599503 -8.428922
vt -100.761803 -9.451150
vt -103.595596 -7.729256
vt -5.489304 9.314518
vt -5.838392 8.709879
vt -5.474398 8.902819
vt -5.879116 9.834660
vt -6.483755 8.787395
vt -6.539385 10.323880
vt -7.237562 9.114597
vt -7.293191 10.651080
vt -7.897830 9.603812
vt -7.938554 10.728590
vt -8.287643 10.123950
vt -8.302549 10.535650
vt -26.148069 1.602920
vt -23.324591 0.759663
vt -23.696779 1.492303
vt -25.347990 0.028002
vt -50.370640 3.892958
vt -25.942659 5.376148
vt -26.188971 7.125384
vt -49.878029 0.394487
vt -19.526409 21.174919
vt -17.643591 19.153820
vt -17.316130 19.403811
vt -20.230320 20.637541
vt 36.770882 36.128441
vt 16.064730 23.172951
vt 16.820101 21.997450
vt 35.260151 38.479431
vt 85.333191 5.438493
vt 70.683090 6.755300
vt 70.709900 4.719643
vt 85.309669 7.224158
vt 63.620190 -29.289770
vt 64.402962 -27.410440
vt 45.169891 -18.419001
vt 96.019661 38.720810
vt 77.758423 35.385731
vt 78.518341 33.769669
vt 69.807518 -8.796073
vt 49.136139 -3.203096
vt 48.948009 -4.964252
vt -24.636600 -7.263852
vt -43.076649 -23.745840
vt -23.881241 -8.439350
vt -44.587391 -21.394840
vt 70.592552 11.029690
vt 49.376961 14.921000
vt 49.462029 11.389040
vt 84.954239 3.560805
vt 84.573181 0.019053
vt 102.525703 -1.440881
vt 70.820389 11.848390
vt 49.672749 9.345168
vt 70.772858 7.787772
vt 85.356117 5.633440
vt 70.777199 8.352893
vt 70.730309 5.141108
vt 85.397247 8.450796
vt 105.635399 5.840162
vt 103.148399 7.230733
vt 103.146400 5.352297
vt 105.462402 6.611295
vt -97.856819 -6.927645
vt -100.850304 -7.490614
vt -100.916298 -7.584436
vt -100.742203 -6.049064
vt 19.495781 17.722370
vt 17.538260 16.696711
vt 19.910080 16.387930
vt 17.345530 17.317480
vt 18.190430 20.391750
vt 15.694370 20.616949
vt 16.062540 19.882280
vt 17.398991 21.971029
vt 12.178800 25.461309
vt 10.210080 24.404230
vt 10.769370 23.802160
vt 10.976540 26.755550
vt -2.578701 26.267200
vt -4.290760 29.034361
vt -3.211513 26.415701
vt -2.930436 28.715151
vt -22.057720 -4.355014
vt -22.886250 -6.702842
vt -21.547920 -4.999526
vt -23.982130 -5.317366
vt -12.557860 -15.337950
vt -11.589570 -17.884211
vt -11.936670 -15.529331
vt -12.924910 -17.472830
vt 10.899750 -12.146760
vt 9.287619 -10.433110
vt 8.993350 -10.721420
vt 11.532330 -11.526990
vt 18.774599 9.577671
vt 16.405041 9.424626
vt 18.792290 8.692260
vt 16.396811 9.836512
vt 24.006889 13.848270
vt 47.695950 20.579161
vt 23.760590 15.597500
vt 48.188560 17.080690
vt 83.649323 10.241900
vt 83.737480 8.458254
vt 102.004097 8.944889
vt 49.624130 5.969899
vt 70.737152 3.734356
vt 70.738693 5.770189
vt -103.247597 -4.430396
vt -103.097000 -5.611382
vt -84.894501 -7.215845
vt 47.349709 -10.560480
vt 23.415119 -5.180922
vt 23.217661 -6.044215
vt 47.744640 -8.833897
vt 70.548119 13.080940
vt 49.415901 13.321270
vt 49.508751 9.789503
vt 85.125664 10.161790
vt 103.130096 7.122285
vt 103.099899 9.000480
vt 49.667641 9.559361
vt 49.640461 6.764942
vt 70.770187 8.035445
vt 84.175987 3.386931
vt 83.964470 0.577226
vt 102.146797 0.154007
vt 70.778999 8.516916
vt 49.639469 7.421585
vt 70.739571 5.305030
vt 105.808701 6.135261
vt 103.327202 5.610120
vt 106.165604 4.572624
vt -77.530098 -60.416199
vt -80.141800 -62.212849
vt -76.718384 -61.287128
vt -80.263786 -61.938911
vt 49.124199 12.900400
vt 24.758570 11.195900
vt 49.285580 10.110510
vt 24.677879 12.590850
vt 49.077259 12.562280
vt 24.487280 13.907420
vt 24.632500 12.146910
vt 48.786812 16.083300
vt 49.120522 8.438195
vt 24.588831 8.423180
vt 49.128288 6.667037
vt 24.584940 9.308759
vt 84.368027 13.731620
vt 102.688400 12.015250
vt 102.547401 13.197420
vt 49.627022 8.224174
vt 49.627079 6.452998
vt 70.741692 6.258223
vt 95.692749 -29.006880
vt 98.147530 -30.898769
vt 98.173599 -30.732510
vt 98.469437 -32.450191
vt -87.545418 -45.374870
vt -83.977203 -43.503811
vt -87.473900 -44.095268
vt 106.804100 -1.133814
vt 103.231400 0.275681
vt 106.926804 -1.329453
vt 103.225502 1.466213
s 1
usemtl Tile_Checker_BW
f 1/1/1 2/2/2 3/3/1
f 2/2/2 1/1/1 4/4/2
f 5/4/3 6/1/4 7/2/3
f 8/3/4 7/2/3 6/1/4
f 9/5/5 10/6/6 11/7/7
f 12/7/8 13/6/9 14/5/10
f 15/8/11 16/9/12 17/10/11
f 16/9/12 15/8/11 18/11/12
f 19/11/13 20/8/14 21/9/15
f 22/10/14 21/9/15 20/8/14
f 23/12/16 24/13/16 25/14/16
f 24/13/16 23/12/16 26/15/16
f 26/15/16 23/12/16 27/16/16
f 26/15/16 27/16/16 28/17/16
f 28/17/16 27/16/16 29/18/16
f 28/17/16 29/18/16 30/19/16
f 30/19/16 29/18/16 31/20/16
f 30/19/16 31/20/16 32/21/16
f 32/21/16 31/20/16 33/22/16
f 33/22/16 31/20/16 34/23/16
f 33/22/16 34/23/16 35/24/16
f 35/24/16 34/23/16 36/25/16
f 24/13/16 37/26/16 25/14/16
f 37/26/16 24/13/16 38/27/16
f 37/26/16 38/27/16 39/28/16
f 39/28/16 38/27/16 40/29/16
f 39/28/16 40/29/16 41/30/16
f 41/30/16 40/29/16 42/31/16
f 41/30/16 42/31/16 43/32/16
f 41/30/16 43/32/16 44/33/16
f 44/33/16 43/32/16 45/34/16
f 44/33/16 45/34/16 46/35/16
f 46/35/16 45/34/16 35/24/16
f 46/35/16 35/24/16 36/25/16
f 47/25/17 48/24/17 49/35/17
f 48/24/17 50/34/17 49/35/17
f 49/35/17 50/34/17 51/33/17
f 50/34/17 52/32/17 51/33/17
f 51/33/17 52/32/17 53/30/17
f 52/32/17 54/31/17 53/30/17
f 54/31/17 55/29/17 53/30/17
f 53/30/17 55/29/17 56/28/17
f 55/29/17 57/27/17 56/28/17
f 56/28/17 57/27/17 58/26/17
f 57/27/17 59/13/17 58/26/17
f 60/14/17 58/26/17 59/13/17
f 47/25/17 61/23/17 48/24/17
f 48/24/17 61/23/17 62/22/17
f 61/23/17 63/20/17 62/22/17
f 62/22/17 63/20/17 64/21/17
f 64/21/17 63/20/17 65/19/17
f 63/20/17 66/18/17 65/19/17
f 65/19/17 66/18/17 67/17/17
f 66/18/17 68/16/17 67/17/17
f 67/17/17 68/16/17 69/15/17
f 68/16/17 70/12/17 69/15/17
f 69/15/17 70/12/17 59/13/17
f 60/14/17 59/13/17 70/12/17
f 71/36/18 72/37/19 73/38/19
f 72/37/19 71/36/18 74/39/18
f 75/39/20 76/36/20 77/37/21
f 78/38/21 77/37/21 76/36/20
f 79/40/22 80/41/23 81/42/24
f 82/42/25 83/41/26 84/40/27
f 85/43/28 86/44/29 87/45/29
f 86/44/29 85/43/28 88/46/30
f 89/46/31 90/43/32 91/44/33
f 92/45/33 91/44/33 90/43/32
f 93/47/12 94/48/34 95/49/34
f 94/48/34 93/47/12 96/50/12
f 97/50/13 98/47/35 99/48/36
f 100/49/36 99/48/36 98/47/35
f 101/51/37 102/52/38 103/53/38
f 102/52/38 101/51/37 104/54/37
f 105/54/39 106/51/39 107/52/40
f 108/53/40 107/52/40 106/51/39
f 109/55/41 110/56/42 111/57/42
f 110/56/42 109/55/41 112/58/41
f 113/58/43 114/55/43 115/56/44
f 116/57/45 115/56/44 114/55/43
f 117/59/46 118/60/47 119/61/47
f 118/60/47 117/59/46 120/62/46
f 121/62/48 122/59/48 123/60/49
f 124/61/49 123/60/49 122/59/48
f 125/63/50 126/64/51 127/65/51
f 126/64/51 125/63/50 128/66/50
f 129/66/52 130/63/52 131/64/53
f 132/65/53 131/64/53 130/63/52
f 133/67/54 134/68/55 135/69/54
f 134/68/55 133/67/54 136/70/55
f 137/70/56 138/67/57 139/68/58
f 140/69/57 139/68/58 138/67/57
f 141/71/59 142/72/60 143/73/59
f 142/72/60 141/71/59 144/74/61
f 145/74/62 146/71/63 147/72/62
f 148/73/63 147/72/62 146/71/63
f 149/75/64 150/76/65 151/77/66
f 150/76/65 149/75/64 152/78/65
f 153/78/67 154/75/68 155/76/67
f 156/77/68 155/76/67 154/75/68
f 157/79/69 158/80/64 159/81/70
f 158/80/64 157/79/69 160/82/69
f 161/82/71 162/79/71 163/80/72
f 164/81/72 163/80/72 162/79/71
f 165/83/73 166/84/74 167/85/75
f 168/85/76 169/84/77 170/83/78
f 171/86/79 172/87/80 173/88/81
f 174/88/82 175/87/83 176/86/84
f 177/89/85 178/90/86 179/91/87
f 180/91/88 181/90/89 182/89/90
f 183/92/17 184/93/17 185/94/17
f 184/93/17 183/92/17 186/95/17
f 186/95/17 183/92/17 187/96/17
f 187/96/17 183/92/17 188/97/17
f 187/96/17 188/97/17 189/98/17
f 189/98/17 188/97/17 190/99/17
f 189/98/17 190/99/17 191/100/17
f 191/100/17 190/99/17 192/101/17
f 191/100/17 192/101/17 193/102/17
f 193/102/17 192/101/17 194/103/17
f 194/103/17 192/101/17 195/104/17
f 194/103/17 195/104/17 196/105/17
f 184/93/17 197/106/17 198/107/17
f 197/106/17 184/93/17 186/95/17
f 198/107/17 197/106/17 199/108/17
f 198/107/17 199/108/17 200/109/17
f 200/109/17 199/108/17 201/110/17
f 200/109/17 201/110/17 202/111/17
f 200/109/17 202/111/17 203/112/17
f 203/112/17 202/111/17 204/113/17
f 203/112/17 204/113/17 205/114/17
f 205/114/17 204/113/17 196/105/17
f 205/114/17 196/105/17 195/104/17
f 205/114/17 195/104/17 206/115/17
f 207/115/16 208/104/16 209/114/16
f 208/104/16 210/105/16 209/114/16
f 210/105/16 211/113/16 209/114/16
f 209/114/16 211/113/16 212/112/16
f 211/113/16 213/111/16 212/112/16
f 212/112/16 213/111/16 214/109/16
f 213/111/16 215/110/16 214/109/16
f 215/110/16 216/108/16 214/109/16
f 214/109/16 216/108/16 217/107/16
f 216/108/16 218/106/16 217/107/16
f 219/95/16 220/93/16 218/106/16
f 217/107/16 218/106/16 220/93/16
f 210/105/16 208/104/16 221/103/16
f 208/104/16 222/101/16 221/103/16
f 221/103/16 222/101/16 223/102/16
f 223/102/16 222/101/16 224/100/16
f 222/101/16 225/99/16 224/100/16
f 224/100/16 225/99/16 226/98/16
f 225/99/16 227/97/16 226/98/16
f 226/98/16 227/97/16 228/96/16
f 227/97/16 229/92/16 228/96/16
f 228/96/16 229/92/16 219/95/16
f 219/95/16 229/92/16 220/93/16
f 230/94/16 220/93/16 229/92/16
f 231/116/91 232/117/92 233/118/92
f 232/117/92 231/116/91 234/119/91
f 235/119/93 236/116/93 237/117/94
f 238/118/94 237/117/94 236/116/93
f 239/120/95 240/121/96 241/122/97
f 242/122/98 243/121/99 244/120/100
f 245/123/101 246/124/102 247/125/103
f 248/125/104 249/124/105 250/123/106
f 251/126/107 252/127/108 253/128/109
f 252/127/108 251/126/107 254/129/107
f 255/129/110 256/126/110 257/127/111
f 258/128/112 257/127/111 256/126/110
f 259/130/113 260/131/114 261/132/115
f 260/131/114 259/130/113 262/133/114
f 263/133/116 264/130/117 265/131/116
f 266/132/117 265/131/116 264/130/117
f 267/134/118 268/135/119 269/136/118
f 268/135/119 267/134/118 270/137/119
f 271/137/120 272/134/121 273/135/120
f 274/136/121 273/135/120 272/134/121
f 275/138/122 276/139/123 277/140/124
f 276/139/123 275/138/122 278/141/122
f 279/141/125 280/138/125 281/139/126
f 282/140/127 281/139/126 280/138/125
f 283/142/33 284/143/32 285/144/32
f 284/143/32 283/142/33 286/145/33
f 287/145/29 288/142/29 289/143/28
f 290/144/28 289/143/28 288/142/29
f 291/146/128 292/147/93 293/148/93
f 292/147/93 291/146/128 294/149/94
f 295/149/92 296/146/129 297/147/91
f 298/148/91 297/147/91 296/146/129
f 299/150/130 300/151/131 301/152/132
f 302/152/133 303/151/134 304/150/135
f 305/153/136 306/154/137 307/155/138
f 308/155/139 309/154/140 310/153/141
f 311/156/142 312/157/143 313/158/144
f 314/158/145 315/157/82 316/156/146
f 317/159/147 318/160/148 319/161/149
f 320/161/150 321/160/151 322/159/152
f 323/162/153 324/163/154 325/164/155
f 326/164/156 327/163/157 328/162/158
f 329/165/159 330/166/160 331/167/161
f 330/166/160 329/165/159 332/168/162
f 333/168/163 334/165/164 335/166/165
f 336/167/166 335/166/165 334/165/164
f 337/169/167 338/170/168 339/171/169
f 338/170/168 337/169/167 340/172/170
f 338/170/168 340/172/170 341/173/171
f 341/173/171 340/172/170 342/174/172
f 342/174/172 340/172/170 343/175/173
f 343/175/173 340/172/170 344/176/174
f 343/175/173 344/176/174 345/177/175
f 345/177/175 344/176/174 346/178/176
f 346/178/176 344/176/174 347/179/177
f 344/176/174 340/172/170 348/180/178
f 349/180/179 350/172/180 351/176/181
f 352/179/182 351/176/181 353/178/183
f 353/178/183 351/176/181 354/177/184
f 354/177/184 351/176/181 355/175/185
f 351/176/181 350/172/180 355/175/185
f 355/175/185 350/172/180 356/174/186
f 356/174/186 350/172/180 357/173/187
f 357/173/187 350/172/180 358/170/188
f 350/172/180 359/169/189 358/170/188
f 360/171/190 358/170/188 359/169/189
f 361/181/191 362/182/192 363/183/193
f 364/183/194 365/182/195 366/181/196
f 367/184/197 368/185/198 369/186/199
f 370/186/200 371/185/201 372/184/202
f 373/187/203 374/188/204 375/189/205
f 376/189/206 377/188/207 378/187/208
f 379/190/209 380/191/210 381/192/211
f 382/192/212 383/191/213 384/190/214
f 385/193/215 386/194/216 387/195/217
f 388/195/218 389/194/219 390/193/220
f 391/196/221 392/197/222 393/198/223
f 394/198/224 395/197/225 396/196/226
f 397/199/227 398/200/228 399/201/229
f 400/201/230 401/200/231 402/199/232
f 403/202/233 404/203/234 405/204/235
f 404/203/234 403/202/233 406/205/236
f 406/205/236 403/202/233 407/206/237
f 408/206/238 409/202/239 410/205/240
f 410/205/240 409/202/239 411/203/241
f 412/204/242 411/203/241 409/202/239
f 413/207/243 414/208/244 415/209/245
f 416/209/246 417/208/247 418/207/248
f 419/210/249 420/211/250 421/212/251
f 422/212/252 423/211/157 424/210/253
f 425/213/254 426/214/255 427/215/256
f 428/215/257 429/214/258 430/213/259
f 431/216/260 432/217/261 433/218/262
f 434/218/263 435/217/264 436/216/265
f 437/219/266 438/220/267 439/221/268
f 440/221/269 441/220/270 442/219/271
f 443/161/272 444/222/273 445/159/274
f 444/222/273 443/161/272 446/160/275
f 444/222/273 446/160/275 447/223/276
f 447/223/276 446/160/275 448/224/277
f 449/224/278 450/160/279 451/223/280
f 451/223/280 450/160/279 452/222/281
f 450/160/279 453/161/282 452/222/281
f 454/159/283 452/222/281 453/161/282
f 455/225/284 456/226/285 457/227/160
f 456/226/285 455/225/284 458/228/286
f 459/228/287 460/225/288 461/226/289
f 462/227/290 461/226/289 460/225/288
f 463/229/291 464/230/292 465/231/160
f 466/231/293 467/230/294 468/229/295
f 469/232/296 470/233/297 471/234/298
f 472/234/299 473/233/300 474/232/301
f 475/235/302 476/236/303 477/237/304
f 478/237/305 479/236/306 480/235/307
f 481/238/308 482/239/309 483/240/310
f 482/239/309 481/238/308 484/241/311
f 485/241/312 486/238/313 487/239/314
f 488/240/315 487/239/314 486/238/313
f 489/242/316 490/243/317 491/244/318
f 492/244/319 493/243/320 494/242/321
f 495/245/322 496/246/323 497/247/324
f 496/246/323 495/245/322 498/248/325
f 499/248/326 500/245/327 501/246/328
f 502/247/329 501/246/328 500/245/327
f 503/249/330 504/250/331 505/251/332
f 506/251/333 507/250/334 508/249/335
f 509/252/336 510/253/337 511/254/338
f 510/253/337 509/252/336 512/255/339
f 513/255/340 514/252/341 515/253/342
f 516/254/343 515/253/342 514/252/341
f 517/256/344 518/257/345 519/258/346
f 518/257/345 517/256/344 520/259/347
f 518/257/345 520/259/347 521/260/348
f 518/257/345 521/260/348 522/261/349
f 518/257/345 522/261/349 523/262/350
f 518/257/345 523/262/350 524/263/351
f 518/257/345 524/263/351 525/264/352
f 518/257/345 525/264/352 526/265/353
f 518/257/345 526/265/353 527/266/354
f 518/257/345 527/266/354 528/267/355
f 529/267/356 530/266/357 531/257/358
f 530/266/357 532/265/359 531/257/358
f 532/265/359 533/264/360 531/257/358
f 533/264/360 534/263/361 531/257/358
f 534/263/361 535/262/362 531/257/358
f 535/262/362 536/261/363 531/257/358
f 536/261/363 537/260/364 531/257/358
f 537/260/364 538/259/365 531/257/358
f 538/259/365 539/256/366 531/257/358
f 540/258/367 531/257/358 539/256/366
f 541/268/368 542/269/369 543/270/370
f 542/269/369 541/268/368 544/271/371
f 542/269/369 544/271/371 545/272/372
f 546/272/373 547/271/374 548/269/375
f 547/271/374 549/268/376 548/269/375
f 550/270/377 548/269/375 549/268/376
f 551/273/378 552/274/379 553/275/380
f 554/275/381 555/274/382 556/273/383
f 557/276/384 558/277/385 559/278/372
f 558/277/385 557/276/384 560/279/386
f 561/279/387 562/276/388 563/277/389
f 564/278/373 563/277/389 562/276/388
f 565/280/390 566/281/391 567/282/392
f 568/282/393 569/281/394 570/280/395
f 571/283/396 572/284/397 573/285/398
f 574/285/399 575/284/400 576/283/401
f 577/286/402 578/287/403 579/288/404
f 580/288/405 581/287/406 582/286/407
f 583/289/408 584/290/409 585/291/410
f 586/291/411 587/290/412 588/289/413
f 589/292/414 590/293/415 591/294/416
f 592/294/417 593/293/418 594/292/419
f 595/295/420 596/296/421 597/297/422
f 598/297/423 599/296/424 600/295/425
f 601/298/103 602/299/426 603/300/427
f 604/300/428 605/299/429 606/298/104
f 607/301/430 608/302/431 609/303/432
f 610/303/433 611/302/434 612/301/435
f 613/304/436 614/305/437 615/306/96
f 616/306/438 617/305/439 618/304/440
f 619/307/441 620/308/442 621/309/443
f 620/308/442 619/307/441 622/310/444
f 623/310/445 624/307/446 625/308/447
f 626/309/448 625/308/447 624/307/446
f 627/311/449 628/312/450 629/313/451
f 630/313/452 631/312/453 632/311/454
f 633/314/455 634/315/456 635/316/457
f 636/316/458 637/315/459 638/314/460
f 639/317/461 640/318/462 641/319/463
f 640/318/462 639/317/461 642/320/464
f 643/320/465 644/317/466 645/318/467
f 646/319/468 645/318/467 644/317/466
f 647/321/469 648/322/470 649/323/471
f 650/323/472 651/322/473 652/321/474
f 653/324/475 654/325/476 655/326/477
f 654/325/476 653/324/475 656/327/478
f 657/327/479 658/324/480 659/325/481
f 660/326/482 659/325/481 658/324/480
f 661/328/483 662/329/160 663/330/484
f 664/330/485 665/329/486 666/328/487
f 667/331/488 668/332/489 669/333/490
f 670/333/491 671/332/492 672/331/493
f 673/334/336 674/335/338 675/336/494
f 676/336/495 677/335/343 678/334/341
f 679/337/496 680/338/497 681/339/498
f 682/339/499 683/338/500 684/337/501
f 685/340/502 686/341/503 687/342/504
f 686/341/503 685/340/502 688/343/505
f 689/343/506 690/340/448 691/341/507
f 692/342/508 691/341/507 690/340/448
f 693/344/509 694/345/510 695/346/511
f 694/345/510 693/344/509 696/347/512
f 694/345/510 696/347/512 697/348/513
f 697/348/513 696/347/512 698/349/514
f 699/349/515 700/347/516 701/348/517
f 701/348/517 700/347/516 702/345/518
f 700/347/516 703/344/519 702/345/518
f 704/346/520 702/345/518 703/344/519
f 705/350/521 706/351/522 707/352/523
f 706/351/522 705/350/521 708/353/524
f 709/353/525 710/350/526 711/351/527
f 712/352/528 711/351/527 710/350/526
f 713/354/529 714/355/530 715/356/531
f 716/356/532 717/355/533 718/354/534
f 719/357/535 720/358/536 721/359/530
f 720/358/536 719/357/535 722/360/537
f 723/360/538 724/357/539 725/358/540
f 726/359/541 725/358/540 724/357/539
f 727/361/542 728/362/543 729/363/544
f 730/363/545 731/362/546 732/361/547
f 733/364/548 734/365/549 735/366/550
f 736/366/551 737/365/552 738/364/553
f 739/367/554 740/368/555 741/369/556
f 742/369/557 743/368/558 744/367/559
f 745/370/560 746/371/561 747/372/562
f 748/372/563 749/371/564 750/370/387
f 751/373/565 752/374/566 753/375/567
f 754/375/568 755/374/569 756/373/570
f 757/349/571 758/347/512 759/344/572
f 760/344/573 761/347/516 762/349/574
f 763/376/575 764/377/576 765/378/577
f 764/377/576 763/376/575 766/379/578
f 767/379/579 768/376/580 769/377/581
f 770/378/582 769/377/581 768/376/580
f 771/380/583 772/381/443 773/382/584
f 774/382/585 775/381/586 776/380/587
f 777/383/588 778/384/589 779/385/471
f 780/385/590 781/384/591 782/383/592
f 783/386/593 784/387/594 785/388/595
f 786/388/596 787/387/597 788/386/598
f 789/389/599 790/390/323 791/391/600
f 792/391/601 793/390/328 794/389/602
f 795/392/336 796/393/603 797/394/484
f 798/394/604 799/393/605 800/392/606
f 801/395/607 802/396/608 803/397/609
f 804/397/610 805/396/611 806/395/612
f 807/398/613 808/399/614 809/400/615
f 810/400/616 811/399/328 812/398/617
f 813/401/618 814/402/619 815/403/620
f 816/403/621 817/402/300 818/401/622
f 819/404/623 820/405/624 821/406/625
f 820/405/624 819/404/623 822/407/626
f 823/407/627 824/404/628 825/405/629
f 826/406/630 825/405/629 824/404/628
f 827/408/576 828/409/631 829/410/632
f 830/410/633 831/409/634 832/408/635
f 833/411/636 834/412/637 835/413/556
f 836/413/638 837/412/639 838/411/640
f 839/414/641 840/415/642 841/416/643
f 842/416/644 843/415/640 844/414/645
f 845/417/646 846/418/647 847/419/648
f 848/419/579 849/418/649 850/417/650
f 851/420/651 852/421/652 853/422/653
f 854/422/654 855/421/655 856/420/656
f 857/423/657 858/424/658 859/425/651
f 860/425/659 861/424/587 862/423/660
f 863/426/661 864/427/594 865/428/662
f 864/427/594 863/426/661 866/429/595
f 867/429/596 868/426/663 869/427/597
f 870/428/664 869/427/597 868/426/663
f 871/430/665 872/431/490 873/432/666
f 874/432/667 875/431/668 876/430/669
f 877/433/670 878/434/671 879/435/603
f 878/434/671 877/433/670 880/436/672
f 881/436/673 882/433/674 883/434/610
f 884/435/605 883/434/610 882/433/674
f 885/437/675 886/438/676 887/439/671
f 886/438/676 885/437/675 888/440/677
f 889/440/678 890/437/679 891/438/680
f 892/439/610 891/438/680 890/437/679
f 893/441/681 894/442/613 895/443/615
f 894/442/613 893/441/681 896/444/682
f 897/444/683 898/441/684 899/442/617
f 900/443/616 899/442/617 898/441/684
f 901/445/685 902/446/618 903/447/488
f 902/446/618 901/445/685 904/448/686
f 905/448/687 906/445/688 907/446/622
f 908/447/493 907/446/622 906/445/688
f 909/449/689 910/450/690 911/451/691
f 912/451/692 913/450/693 914/449/694
f 915/452/636 916/453/695 917/454/696
f 918/454/533 919/453/697 920/452/698
f 921/455/555 922/456/699 923/457/700
f 922/456/699 921/455/555 924/458/618
f 925/458/622 926/455/558 927/456/701
f 928/457/702 927/456/701 926/455/558
f 929/459/703 930/460/704 931/461/705
f 932/461/706 933/460/707 934/459/708
f 935/462/709 936/463/710 937/464/653
f 936/463/710 935/462/709 938/465/711
f 939/465/712 940/462/713 941/463/659
f 942/464/654 941/463/659 940/462/713
f 943/466/714 944/467/715 945/468/716
f 946/468/717 947/467/718 948/466/719
f 949/469/720 950/470/721 951/471/710
f 950/470/721 949/469/720 952/472/722
f 953/472/723 954/469/724 955/470/725
f 956/471/656 955/470/725 954/469/724
f 957/473/661 958/474/662 959/475/726
f 960/475/727 961/474/664 962/473/728
f 963/476/729 964/477/730 965/478/731
f 964/477/730 963/476/729 966/479/732
f 967/479/733 968/476/734 969/477/735
f 970/478/736 969/477/735 968/476/734
f 971/480/737 972/481/670 973/482/738
f 974/482/739 975/481/674 976/480/740
f 977/483/741 978/484/675 979/485/742
f 980/485/743 981/484/679 982/483/744
f 983/486/745 984/487/682 985/488/746
f 986/488/684 987/487/683 988/486/747
f 989/489/748 990/490/749 991/491/685
f 992/491/688 993/490/750 994/489/751
f 995/492/752 996/493/700 997/494/753
f 996/493/700 995/492/752 998/495/636
f 999/495/698 1000/492/754 1001/493/702
f 1002/494/755 1001/493/702 1000/492/754
f 1003/496/749 1004/497/756 1005/498/700
f 1006/498/757 1007/497/758 1008/496/701
f 1009/499/759 1010/500/760 1011/501/761
f 1010/500/760 1009/499/759 1012/502/762
f 1013/502/708 1014/499/763 1015/500/764
f 1016/501/765 1015/500/764 1014/499/763
f 1017/503/766 1018/504/767 1019/505/768
f 1018/504/767 1017/503/766 1020/506/769
f 1021/506/770 1022/503/771 1023/504/772
f 1024/505/717 1023/504/772 1022/503/771
f 1025/507/773 1026/508/711 1027/509/774
f 1028/509/775 1029/508/712 1030/507/776
f 1031/510/777 1032/511/722 1033/512/720
f 1034/512/724 1035/511/723 1036/510/778
f 1037/513/779 1038/514/780 1039/515/781
f 1040/515/782 1041/514/783 1042/513/784
f 1043/516/785 1044/517/786 1045/518/787
f 1046/518/788 1047/517/789 1048/516/790
f 1049/519/742 1050/520/791 1051/521/729
f 1052/521/792 1053/520/733 1054/519/793
f 1055/522/675 1056/523/794 1057/524/795
f 1058/524/796 1059/523/797 1060/522/679
f 1061/525/745 1062/526/798 1063/527/799
f 1064/527/800 1065/526/801 1066/525/747
f 1067/528/802 1068/529/803 1069/530/745
f 1070/530/747 1071/529/804 1072/528/805
f 1073/531/748 1074/532/806 1075/533/749
f 1076/533/701 1077/532/807 1078/531/808
f 1079/534/809 1080/535/810 1081/536/753
f 1082/536/755 1083/535/811 1084/534/812
f 1085/537/813 1086/538/814 1087/539/815
f 1088/539/816 1089/538/817 1090/537/818
f 1091/540/819 1092/541/810 1093/542/700
f 1094/542/820 1095/541/811 1096/540/821
f 1097/543/822 1098/544/823 1099/545/760
f 1100/545/764 1101/544/765 1102/543/824
f 1103/546/822 1104/547/769 1105/548/825
f 1106/548/771 1107/547/770 1108/546/824
f 1109/549/826 1110/550/827 1111/551/828
f 1112/551/829 1113/550/830 1114/549/831
f 1115/552/832 1116/553/833 1117/554/834
f 1118/554/835 1119/553/836 1120/552/837
f 1121/555/779 1122/556/838 1123/557/832
f 1124/557/839 1125/556/782 1126/555/784
f 1127/558/840 1128/559/841 1129/560/780
f 1128/559/841 1127/558/840 1130/561/842
f 1131/561/843 1132/558/844 1133/559/845
f 1134/560/783 1133/559/845 1132/558/844
f 1135/562/846 1136/563/847 1137/564/848
f 1136/563/847 1135/562/846 1138/565/849
f 1139/565/850 1140/562/851 1141/563/852
f 1142/564/853 1141/563/852 1140/562/851
f 1143/566/854 1144/567/855 1145/568/856
f 1144/567/855 1143/566/854 1146/569/795
f 1147/569/857 1148/566/858 1149/567/797
f 1150/568/859 1149/567/797 1148/566/858
f 1151/570/860 1152/571/861 1153/572/862
f 1152/571/861 1151/570/860 1154/573/863
f 1155/573/864 1156/570/865 1157/571/866
f 1158/572/796 1157/571/866 1156/570/865
f 1159/574/867 1160/575/802 1161/576/745
f 1160/575/802 1159/574/867 1162/577/868
f 1163/577/869 1164/574/870 1165/575/871
f 1166/576/747 1165/575/871 1164/574/870
f 1167/578/872 1168/579/873 1169/580/815
f 1168/579/873 1167/578/872 1170/581/874
f 1171/581/875 1172/578/876 1173/579/877
f 1174/580/816 1173/579/877 1172/578/876
f 1175/582/878 1176/583/879 1177/584/880
f 1178/584/881 1179/583/882 1180/582/883
f 1181/585/873 1182/586/884 1183/587/815
f 1182/586/884 1181/585/873 1184/588/885
f 1185/588/886 1186/585/877 1187/586/818
f 1188/587/816 1187/586/818 1186/585/877
f 1189/589/819 1190/590/887 1191/591/888
f 1190/590/887 1189/589/819 1192/592/889
f 1193/592/890 1194/589/891 1195/590/892
f 1196/591/893 1195/590/892 1194/589/891
f 1197/593/894 1198/594/826 1199/595/895
f 1198/594/826 1197/593/894 1200/596/896
f 1201/596/897 1202/593/898 1203/594/831
f 1204/595/829 1203/594/831 1202/593/898
f 1205/597/899 1206/598/832 1207/599/834
f 1206/598/832 1205/597/899 1208/600/900
f 1209/600/901 1210/597/897 1211/598/839
f 1212/599/835 1211/598/839 1210/597/897
f 1213/601/902 1214/602/779 1215/603/777
f 1214/602/779 1213/601/902 1216/604/903
f 1217/604/904 1218/601/901 1219/602/784
f 1220/603/778 1219/602/784 1218/601/901
f 1221/605/905 1222/606/906 1223/607/842
f 1222/606/906 1221/605/905 1224/608/907
f 1225/608/908 1226/605/909 1227/606/910
f 1228/607/911 1227/606/910 1226/605/909
f 1229/609/912 1230/610/913 1231/611/914
f 1230/610/913 1229/609/912 1232/612/915
f 1233/612/916 1234/609/917 1235/610/918
f 1236/611/919 1235/610/918 1234/609/917
f 1237/613/920 1238/614/921 1239/615/922
f 1238/614/921 1237/613/920 1240/616/923
f 1241/616/924 1242/613/925 1243/614/926
f 1244/615/916 1243/614/926 1242/613/925
f 1245/617/927 1246/618/928 1247/619/929
f 1246/618/928 1245/617/927 1248/620/930
f 1249/620/931 1250/617/932 1251/618/933
f 1252/619/864 1251/618/933 1250/617/932
f 1253/621/934 1254/622/935 1255/623/936
f 1254/622/935 1253/621/934 1256/624/937
f 1257/624/938 1258/621/939 1259/622/940
f 1260/623/941 1259/622/940 1258/621/939
f 1261/625/942 1262/626/943 1263/627/944
f 1262/626/943 1261/625/942 1264/628/945
f 1265/628/946 1266/625/947 1267/626/948
f 1268/627/877 1267/626/948 1266/625/947
f 1269/629/878 1270/630/949 1271/631/879
f 1270/630/949 1269/629/878 1272/632/950
f 1273/632/951 1274/629/883 1275/630/952
f 1276/631/882 1275/630/952 1274/629/883
f 1277/633/943 1278/634/953 1279/635/873
f 1278/634/953 1277/633/943 1280/636/954
f 1281/636/955 1282/633/956 1283/634/957
f 1284/635/877 1283/634/957 1282/633/956
f 1285/637/958 1286/638/959 1287/639/960
f 1286/638/959 1285/637/958 1288/640/961
f 1289/640/962 1290/637/963 1291/638/964
f 1292/639/965 1291/638/964 1290/637/963
f 1293/641/966 1294/642/967 1295/643/968
f 1294/642/967 1293/641/966 1296/644/969
f 1297/644/970 1298/641/971 1299/642/897
f 1300/643/972 1299/642/897 1298/641/971
f 1301/645/899 1302/646/973 1303/647/974
f 1302/646/973 1301/645/899 1304/648/975
f 1305/648/976 1306/645/977 1307/646/978
f 1308/647/979 1307/646/978 1306/645/977
f 1309/649/980 1310/650/981 1311/651/974
f 1310/650/981 1309/649/980 1312/652/982
f 1313/652/983 1314/649/984 1315/650/985
f 1316/651/986 1315/650/985 1314/649/984
f 1317/653/987 1318/654/988 1319/655/989
f 1318/654/988 1317/653/987 1320/656/990
f 1318/654/988 1320/656/990 1321/657/991
f 1321/657/991 1320/656/990 1322/658/992
f 1321/657/991 1322/658/992 1323/659/943
f 1323/659/943 1322/658/992 1324/660/993
f 1323/659/943 1324/660/993 1325/661/994
f 1325/661/994 1324/660/993 1326/662/995
f 1325/661/994 1326/662/995 1327/663/996
f 1327/663/996 1326/662/995 1328/664/997
f 1329/664/998 1330/662/999 1331/663/1000
f 1331/663/1000 1330/662/999 1332/661/1001
f 1330/662/999 1333/660/1002 1332/661/1001
f 1332/661/1001 1333/660/1002 1334/659/1003
f 1333/660/1002 1335/658/909 1334/659/1003
f 1334/659/1003 1335/658/909 1336/657/1004
f 1335/658/909 1337/656/1005 1336/657/1004
f 1336/657/1004 1337/656/1005 1338/654/1006
f 1337/656/1005 1339/653/1007 1338/654/1006
f 1340/655/1008 1338/654/1006 1339/653/1007
f 1341/665/950 1342/666/1009 1343/667/1010
f 1342/666/1009 1341/665/950 1344/668/996
f 1345/668/1011 1346/665/1012 1347/666/971
f 1348/667/1013 1347/666/971 1346/665/1012
f 1349/669/1014 1350/670/125 1351/671/125
f 1350/670/125 1349/669/1014 1352/672/1014
f 1353/672/1015 1354/669/1015 1355/670/32
f 1356/671/122 1355/670/32 1354/669/1015
f 1357/673/92 1358/674/1016 1359/675/1016
f 1358/674/1016 1357/673/92 1360/676/107
f 1361/676/110 1362/673/94 1363/674/1017
f 1364/675/1018 1363/674/1017 1362/673/94
f 1365/677/125 1366/678/1019 1367/679/1019
f 1366/678/1019 1365/677/125 1368/680/125
f 1369/680/122 1370/677/122 1371/678/1020
f 1372/679/1020 1371/678/1020 1370/677/122
f 1373/681/1021 1374/682/107 1375/683/1021
f 1374/682/107 1373/681/1021 1376/684/107
f 1377/684/110 1378/681/1022 1379/682/110
f 1380/683/1022 1379/682/110 1378/681/1022
f 1381/685/120 1382/686/121 1383/687/120
f 1382/686/121 1381/685/120 1384/688/121
f 1385/688/118 1386/685/119 1387/686/118
f 1388/687/119 1387/686/118 1386/685/119
f 1389/689/1023 1390/690/1021 1391/691/1023
f 1390/690/1021 1389/689/1023 1392/692/1021
f 1393/692/1022 1394/689/1024 1395/690/1022
f 1396/691/1024 1395/690/1022 1394/689/1024
f 1397/693/116 1398/694/117 1399/695/1022
f 1398/694/117 1397/693/116 1400/696/116
f 1401/696/114 1402/693/114 1403/694/115
f 1404/695/1021 1403/694/115 1402/693/114
f 1405/697/1020 1406/698/1023 1407/699/1020
f 1406/698/1023 1405/697/1020 1408/700/1023
f 1409/700/1024 1410/697/1019 1411/698/1024
f 1412/699/1019 1411/698/1024 1410/697/1019
f 1413/701/110 1414/702/1022 1415/703/1022
f 1414/702/1022 1413/701/110 1416/704/1025
f 1417/704/1026 1418/701/107 1419/702/1027
f 1420/703/1021 1419/702/1027 1418/701/107
f 1421/705/122 1422/706/1020 1423/707/122
f 1422/706/1020 1421/705/122 1424/708/1020
f 1425/708/1019 1426/705/125 1427/706/1019
f 1428/707/125 1427/706/1019 1426/705/125
f 1429/709/1018 1430/710/94 1431/711/110
f 1430/710/94 1429/709/1018 1432/712/1018
f 1433/712/1016 1434/709/1028 1435/710/92
f 1436/711/107 1435/710/92 1434/709/1028
f 1437/713/32 1438/714/1015 1439/715/1015
f 1438/714/1015 1437/713/32 1440/716/122
f 1441/716/125 1442/713/28 1443/714/1014
f 1444/715/1014 1443/714/1014 1442/713/28
f 1445/717/1029 1446/718/1030 1447/719/1031
f 1446/718/1030 1445/717/1029 1448/720/1032
f 1449/720/1033 1450/717/1034 1451/718/1035
f 1452/719/1036 1451/718/1035 1450/717/1034
f 1453/721/1037 1454/722/1029 1455/723/1038
f 1456/723/1039 1457/722/1040 1458/721/1041
f 1459/724/1042 1460/725/1043 1461/726/1044
f 1460/725/1043 1459/724/1042 1462/727/1045
f 1463/727/1046 1464/724/1036 1465/725/1047
f 1466/726/1048 1465/725/1047 1464/724/1036
f 1467/728/1049 1468/729/1031 1469/730/1050
f 1470/730/1051 1471/729/1036 1472/728/1040
f 1473/731/1052 1474/732/1053 1475/733/1054
f 1474/732/1053 1473/731/1052 1476/734/1055
f 1477/734/1056 1478/731/1057 1479/732/1058
f 1480/733/1059 1479/732/1058 1478/731/1057
f 1481/735/1060 1482/736/1061 1483/737/1062
f 1484/737/1063 1485/736/1064 1486/735/1065
f 1487/738/1031 1488/739/1066 1489/740/1067
f 1490/740/1068 1491/739/1069 1492/738/1070
f 1493/741/1071 1494/742/1029 1495/743/1072
f 1496/743/1073 1497/742/1074 1498/741/1075
f 1499/744/1076 1500/745/1077 1501/746/1078
f 1500/745/1077 1499/744/1076 1502/747/1079
f 1503/747/1080 1504/744/1081 1505/745/1082
f 1506/746/1083 1505/745/1082 1504/744/1081
f 1507/748/1084 1508/749/1085 1509/750/1086
f 1510/750/1087 1511/749/1040 1512/748/1088
f 1513/751/1062 1514/752/1089 1515/753/1090
f 1514/752/1089 1513/751/1062 1516/754/1061
f 1517/754/1064 1518/751/1063 1519/752/1091
f 1520/753/1092 1519/752/1091 1518/751/1063
f 1521/755/1093 1522/756/1094 1523/757/1095
f 1524/757/1096 1525/756/1097 1526/755/1098
f 1527/758/1099 1528/759/1100 1529/760/1066
f 1528/759/1100 1527/758/1099 1530/761/1101
f 1531/761/1102 1532/758/1103 1533/759/1073
f 1534/760/1069 1533/759/1073 1532/758/1103
f 1535/762/1104 1536/763/1071 1537/764/1100
f 1536/763/1071 1535/762/1104 1538/765/1105
f 1539/765/1106 1540/762/1107 1541/763/1075
f 1542/764/1073 1541/763/1075 1540/762/1107
f 1543/766/1108 1544/767/1109 1545/768/1110
f 1544/767/1109 1543/766/1108 1546/769/1111
f 1547/769/1112 1548/766/1113 1549/767/1114
f 1550/768/1115 1549/767/1114 1548/766/1113
f 1551/770/1116 1552/771/1117 1553/772/1118
f 1554/772/1119 1555/771/1120 1556/770/1121
f 1557/773/1122 1558/774/1123 1559/775/1124
f 1560/775/1125 1561/774/1126 1562/773/1127
f 1563/776/1128 1564/777/1129 1565/778/1066
f 1566/778/1130 1567/777/1131 1568/776/1132
f 1569/779/1133 1570/780/1099 1571/781/1134
f 1572/781/1135 1573/780/1136 1574/779/1137
f 1575/782/1099 1576/783/1138 1577/784/1139
f 1576/783/1138 1575/782/1099 1578/785/1095
f 1579/785/1096 1580/782/1103 1581/783/1140
f 1582/784/1141 1581/783/1140 1580/782/1103
f 1583/786/1142 1584/787/1143 1585/788/1144
f 1586/788/1145 1587/787/1146 1588/786/1147
f 1589/789/1148 1590/790/1149 1591/791/1150
f 1590/790/1149 1589/789/1148 1592/792/1118
f 1593/792/1119 1594/789/1151 1595/790/1120
f 1596/791/1152 1595/790/1120 1594/789/1151
f 1597/793/1153 1598/794/1154 1599/795/1155
f 1600/795/1156 1601/794/1157 1602/793/1158
f 1603/796/1159 1604/797/1160 1605/798/1161
f 1606/798/1114 1607/797/1162 1608/796/1163
f 1609/799/1109 1610/800/1164 1611/801/1159
f 1612/801/1163 1613/800/1165 1614/799/1114
f 1615/802/1166 1616/803/1167 1617/804/1129
f 1616/803/1167 1615/802/1166 1618/805/1168
f 1618/805/1168 1615/802/1166 1619/806/1169
f 1620/806/1170 1621/802/1125 1622/805/1171
f 1622/805/1171 1621/802/1125 1623/803/1172
f 1624/804/1173 1623/803/1172 1621/802/1125
f 1625/807/1095 1626/808/1174 1627/809/1175
f 1628/809/1176 1629/808/1177 1630/807/1096
f 1631/810/1178 1632/811/1179 1633/812/1180
f 1634/812/1181 1635/811/1182 1636/810/1183
f 1637/813/1184 1638/814/1185 1639/815/1186
f 1640/815/1187 1641/814/1188 1642/813/1189
f 1643/816/1099 1644/817/1190 1645/818/1191
f 1646/818/1192 1647/817/1141 1648/816/1103
f 1649/819/1193 1650/820/1194 1651/821/1195
f 1650/820/1194 1649/819/1193 1652/822/1196
f 1653/822/1197 1654/819/1198 1655/820/1199
f 1656/821/1200 1655/820/1199 1654/819/1198
f 1657/823/1201 1658/824/1150 1659/825/1144
f 1660/825/1202 1661/824/1152 1662/823/1151
f 1663/826/1159 1664/827/1203 1665/828/1204
f 1664/827/1203 1663/826/1159 1666/829/1205
f 1667/829/1206 1668/826/1163 1669/827/1207
f 1670/828/1208 1669/827/1207 1668/826/1163
f 1671/830/1209 1672/831/1210 1673/832/1211
f 1672/831/1210 1671/830/1209 1674/833/1212
f 1675/833/1213 1676/830/1214 1677/831/1215
f 1678/832/1216 1677/831/1215 1676/830/1214
f 1679/834/1160 1680/835/1159 1681/836/1217
f 1682/836/1218 1683/835/1163 1684/834/1162
f 1685/837/1219 1686/838/1220 1687/839/1221
f 1686/838/1220 1685/837/1219 1688/840/1222
f 1689/840/1223 1690/837/1224 1691/838/1225
f 1692/839/1226 1691/838/1225 1690/837/1224
f 1693/841/1227 1694/842/1228 1695/843/1229
f 1696/843/1230 1697/842/1231 1698/841/1232
f 1699/844/1233 1700/845/1234 1701/846/1180
f 1700/845/1234 1699/844/1233 1702/847/1235
f 1703/847/1236 1704/844/1237 1705/845/1238
f 1706/846/1181 1705/845/1238 1704/844/1237
f 1707/848/1239 1708/849/1240 1709/850/1241
f 1708/849/1240 1707/848/1239 1710/851/1242
f 1711/851/1243 1712/848/1244 1713/849/1188
f 1714/850/1245 1713/849/1188 1712/848/1244
f 1715/852/1246 1716/853/1247 1717/854/1180
f 1718/854/1181 1719/853/1248 1720/852/1249
f 1721/855/1250 1722/856/1251 1723/857/1252
f 1722/856/1251 1721/855/1250 1724/858/1196
f 1725/858/1197 1726/855/1253 1727/856/1254
f 1728/857/1255 1727/856/1254 1726/855/1253
f 1729/859/1194 1730/860/1256 1731/861/1246
f 1732/861/1249 1733/860/1257 1734/859/1199
f 1735/862/1258 1736/863/1196 1737/864/1259
f 1738/864/1260 1739/863/1197 1740/862/1261
f 1741/865/1262 1742/866/1263 1743/867/1264
f 1744/867/1265 1745/866/1266 1746/865/1267
f 1747/868/1268 1748/869/1269 1749/870/1204
f 1750/870/1270 1751/869/1265 1752/868/1271
f 1753/871/1272 1754/872/1159 1755/873/1273
f 1754/872/1159 1753/871/1272 1756/874/1217
f 1757/874/1218 1758/871/1274 1759/872/1163
f 1760/873/1275 1759/872/1163 1758/871/1274
f 1761/875/1276 1762/876/1277 1763/877/1278
f 1762/876/1277 1761/875/1276 1764/878/1279
f 1762/876/1277 1764/878/1279 1765/879/1280
f 1766/879/1281 1767/878/1282 1768/876/1283
f 1767/878/1282 1769/875/1284 1768/876/1283
f 1770/877/1285 1768/876/1283 1769/875/1284
f 1771/880/1286 1772/881/1287 1773/882/1288
f 1774/882/1289 1775/881/1290 1776/880/1291
f 1777/883/1292 1778/884/1293 1779/885/1294
f 1780/885/1226 1781/884/1295 1782/883/1296
f 1783/886/1297 1784/887/1298 1785/888/1299
f 1784/887/1298 1783/886/1297 1786/889/1300
f 1787/889/1301 1788/886/1302 1789/887/1303
f 1790/888/1304 1789/887/1303 1788/886/1302
f 1791/890/1305 1792/891/1247 1793/892/1306
f 1792/891/1247 1791/890/1305 1794/893/1180
f 1795/893/1181 1796/890/1307 1797/891/1248
f 1798/892/1308 1797/891/1248 1796/890/1307
f 1799/894/1309 1800/895/1310 1801/896/1311
f 1800/895/1310 1799/894/1309 1802/897/1312
f 1803/897/1313 1804/894/1314 1805/895/1315
f 1806/896/1316 1805/895/1315 1804/894/1314
f 1807/898/1264 1808/899/1317 1809/900/1318
f 1808/899/1317 1807/898/1264 1810/901/1319
f 1811/901/1320 1812/898/1265 1813/899/1321
f 1814/900/1322 1813/899/1321 1812/898/1265
f 1815/902/1195 1816/903/1323 1817/904/1324
f 1818/904/1325 1819/903/1326 1820/902/1249
f 1821/905/1327 1822/906/1328 1823/907/1329
f 1822/906/1328 1821/905/1327 1824/908/1330
f 1825/908/1331 1826/905/1332 1827/906/1333
f 1828/907/1334 1827/906/1333 1826/905/1332
f 1829/909/1250 1830/910/1335 1831/911/1336
f 1832/911/1337 1833/910/1338 1834/909/1253
f 1835/912/1339 1836/913/1340 1837/914/1341
f 1838/914/1342 1839/913/1343 1840/912/1344
f 1841/915/1250 1842/916/1345 1843/917/1323
f 1844/917/1326 1845/916/1346 1846/915/1253
f 1847/918/1347 1848/919/1339 1849/920/1341
f 1850/920/1348 1851/919/1349 1852/918/1350
f 1853/921/1204 1854/922/1351 1855/923/1352
f 1856/923/1353 1857/922/1354 1858/921/1270
f 1859/924/1272 1860/925/1273 1861/926/1355
f 1862/926/1356 1863/925/1275 1864/924/1274
f 1865/927/1357 1866/928/1272 1867/929/1358
f 1866/928/1272 1865/927/1357 1868/930/1359
f 1869/930/1290 1870/927/1360 1871/928/1274
f 1872/929/1361 1871/928/1274 1870/927/1360
f 1873/931/1362 1874/932/1363 1875/933/1364
f 1876/933/1365 1877/932/1366 1878/931/1367
f 1879/934/1368 1880/935/1369 1881/936/1370
f 1882/936/1371 1883/935/1372 1884/934/1373
f 1885/937/1258 1886/938/1374 1887/939/1375
f 1886/938/1374 1885/937/1258 1888/940/1376
f 1889/940/1377 1890/937/1261 1891/938/1378
f 1892/939/1379 1891/938/1378 1890/937/1261
f 1893/941/1380 1894/942/1381 1895/943/1382
f 1894/942/1381 1893/941/1380 1896/944/1383
f 1894/942/1381 1896/944/1383 1897/945/1384
f 1897/945/1384 1896/944/1383 1898/946/1385
f 1897/945/1384 1898/946/1385 1899/947/1386
f 1899/947/1386 1898/946/1385 1900/948/1387
f 1899/947/1386 1900/948/1387 1901/949/1388
f 1901/949/1388 1900/948/1387 1902/950/1389
f 1901/949/1388 1902/950/1389 1903/951/1390
f 1903/951/1390 1902/950/1389 1904/952/1391
f 1905/952/1392 1906/950/1393 1907/951/1394
f 1907/951/1394 1906/950/1393 1908/949/1395
f 1906/950/1393 1909/948/1396 1908/949/1395
f 1908/949/1395 1909/948/1396 1910/947/1397
f 1909/948/1396 1911/946/1398 1910/947/1397
f 1910/947/1397 1911/946/1398 1912/945/1399
f 1911/946/1398 1913/944/1400 1912/945/1399
f 1912/945/1399 1913/944/1400 1914/942/1401
f 1913/944/1400 1915/941/1402 1914/942/1401
f 1916/943/1403 1914/942/1401 1915/941/1402
f 1917/953/1404 1918/954/1405 1919/955/1406
f 1918/954/1405 1917/953/1404 1920/956/1407
f 1921/956/1408 1922/953/1409 1923/954/1410
f 1924/955/1411 1923/954/1410 1922/953/1409
f 1925/957/1412 1926/958/1413 1927/959/1414
f 1926/958/1413 1925/957/1412 1928/960/1323
f 1929/960/1326 1930/957/1415 1931/958/1416
f 1932/959/1308 1931/958/1416 1930/957/1415
f 1933/961/1417 1934/962/1418 1935/963/1419
f 1934/962/1418 1933/961/1417 1936/964/1420
f 1937/964/1421 1938/961/1422 1939/962/1423
f 1940/963/1424 1939/962/1423 1938/961/1422
f 1941/965/1352 1942/966/1425 1943/967/1426
f 1942/966/1425 1941/965/1352 1944/968/1351
f 1945/968/1354 1946/965/1427 1947/966/1428
f 1948/967/1429 1947/966/1428 1946/965/1427
f 1949/969/1430 1950/970/1431 1951/971/1329
f 1950/970/1431 1949/969/1430 1952/972/1432
f 1953/972/1433 1954/969/1434 1955/970/1435
f 1956/971/1436 1955/970/1435 1954/969/1434
f 1957/973/1437 1958/974/1438 1959/975/1439
f 1960/975/1440 1961/974/1334 1962/973/1441
f 1963/976/1442 1964/977/1443 1965/978/1330
f 1966/978/1331 1967/977/1444 1968/976/1445
f 1969/979/1327 1970/980/1446 1971/981/1447
f 1972/981/1448 1973/980/1449 1974/979/1450
f 1975/982/1451 1976/983/1452 1977/984/1453
f 1976/983/1452 1975/982/1451 1978/985/1454
f 1979/985/1326 1980/982/1455 1981/983/1346
f 1982/984/1456 1981/983/1346 1980/982/1455
f 1983/986/1272 1984/987/1457 1985/988/1458
f 1986/988/1459 1987/987/1460 1988/986/1274
f 1989/989/1359 1990/990/1357 1991/991/1461
f 1992/991/1462 1993/990/1360 1994/989/1463
f 1995/992/1272 1996/993/1464 1997/994/1465
f 1998/994/1466 1999/993/1467 2000/992/1274
f 2001/995/1468 2002/996/1469 2003/997/1470
f 2002/996/1469 2001/995/1468 2004/998/1357
f 2005/998/1360 2006/995/1471 2007/996/1472
f 2008/997/1473 2007/996/1472 2006/995/1471
f 2009/999/1474 2010/1000/1475 2011/1001/1476
f 2010/1000/1475 2009/999/1474 2012/1002/1477
f 2013/1002/1478 2014/999/1479 2015/1000/1480
f 2016/1001/1481 2015/1000/1480 2014/999/1479
f 2017/1003/1482 2018/1004/1483 2019/1005/1484
f 2018/1004/1483 2017/1003/1482 2020/1006/1485
f 2021/1006/1486 2022/1003/1445 2023/1004/1487
f 2024/1005/1488 2023/1004/1487 2022/1003/1445
f 2025/1007/1489 2026/1008/1490 2027/1009/1491
f 2026/1008/1490 2025/1007/1489 2028/1010/1492
f 2029/1010/1493 2030/1007/1494 2031/1008/1495
f 2032/1009/1496 2031/1008/1495 2030/1007/1494
f 2033/1011/1497 2034/1012/1498 2035/1013/1499
f 2034/1012/1498 2033/1011/1497 2036/1014/1500
f 2037/1014/1501 2038/1011/1502 2039/1012/1503
f 2040/1013/1504 2039/1012/1503 2038/1011/1502
f 2041/1015/1505 2042/1016/1387 2043/1017/1506
f 2042/1016/1387 2041/1015/1505 2044/1018/1507
f 2045/1018/1508 2046/1015/1509 2047/1016/1510
f 2048/1017/1511 2047/1016/1510 2046/1015/1509
f 2049/1019/1512 2050/1020/1513 2051/1021/1389
f 2050/1020/1513 2049/1019/1512 2052/1022/1507
f 2053/1022/1508 2054/1019/1514 2055/1020/1422
f 2056/1021/1515 2055/1020/1422 2054/1019/1514
f 2057/1023/1516 2058/1024/1413 2059/1025/1517
f 2058/1024/1413 2057/1023/1516 2060/1026/1518
f 2061/1026/1519 2062/1023/1397 2063/1024/1520
f 2064/1025/1521 2063/1024/1520 2062/1023/1397
f 2065/1027/1522 2066/1028/1523 2067/1029/1524
f 2066/1028/1523 2065/1027/1522 2068/1030/1451
f 2069/1030/1455 2070/1027/1525 2071/1028/1526
f 2072/1029/1527 2071/1028/1526 2070/1027/1525
f 2073/1031/1528 2074/1032/1529 2075/1033/1381
f 2074/1032/1529 2073/1031/1528 2076/1034/1530
f 2077/1034/1531 2078/1031/1532 2079/1032/1533
f 2080/1033/1534 2079/1032/1533 2078/1031/1532
f 2081/1035/1535 2082/1036/1536 2083/1037/1537
f 2082/1036/1536 2081/1035/1535 2084/1038/1538
f 2085/1038/1402 2086/1035/1539 2087/1036/1540
f 2088/1037/1541 2087/1036/1540 2086/1035/1539
f 2089/1039/1542 2090/1040/1355 2091/1041/1507
f 2090/1040/1355 2089/1039/1542 2092/1042/1458
f 2093/1042/1459 2094/1039/1543 2095/1040/1460
f 2096/1041/1508 2095/1040/1460 2094/1039/1543
f 2097/1043/1544 2098/1044/1545 2099/1045/1546
f 2100/1045/1547 2101/1044/1548 2102/1043/1549
f 2103/1046/1550 2104/1047/1329 2105/1048/1431
f 2106/1048/1551 2107/1047/1436 2108/1046/1552
f 2109/1049/1553 2110/1050/1554 2111/1051/1555
f 2112/1051/1556 2113/1050/1557 2114/1049/1445
f 2115/1052/1558 2116/1053/1559 2117/1054/1560
f 2116/1053/1559 2115/1052/1558 2118/1055/1550
f 2119/1055/1449 2120/1052/1561 2121/1053/1562
f 2122/1054/1532 2121/1053/1562 2120/1052/1561
f 2123/1056/1272 2124/1057/1563 2125/1058/1564
f 2126/1058/1565 2127/1057/1566 2128/1056/1274
f 2129/1059/1567 2130/1060/1568 2131/1061/1569
f 2132/1061/1570 2133/1060/1571 2134/1059/1572
f 2135/1062/1573 2136/1063/1574 2137/1064/1465
f 2138/1064/1575 2139/1063/1576 2140/1062/1577
f 2141/1065/1357 2142/1066/1468 2143/1067/1578
f 2144/1067/1571 2145/1066/1471 2146/1065/1360
f 2147/1068/1469 2148/1069/1579 2149/1070/1431
f 2150/1070/1435 2151/1069/1580 2152/1068/1472
f 2153/1071/1581 2154/1072/1582 2155/1073/1583
f 2156/1073/1584 2157/1072/1585 2158/1071/1586
f 2159/1074/1587 2160/1075/1588 2161/1076/1589
f 2160/1075/1588 2159/1074/1587 2162/1077/1590
f 2163/1077/1591 2164/1074/1592 2165/1075/1593
f 2166/1076/1557 2165/1075/1593 2164/1074/1592
f 2167/1078/1594 2168/1079/1491 2169/1080/1574
f 2168/1079/1491 2167/1078/1594 2170/1081/1595
f 2171/1081/1596 2172/1078/1597 2173/1079/1496
f 2174/1080/1598 2173/1079/1496 2172/1078/1597
f 2175/1082/1564 2176/1083/1599 2177/1084/1600
f 2176/1083/1599 2175/1082/1564 2178/1085/1563
f 2179/1085/1566 2180/1082/1565 2181/1083/1601
f 2182/1084/1602 2181/1083/1601 2180/1082/1565
f 2183/1086/1603 2184/1087/1537 2185/1088/1550
f 2184/1087/1537 2183/1086/1603 2186/1089/1604
f 2187/1089/1539 2188/1086/1605 2189/1087/1606
f 2190/1088/1449 2189/1087/1606 2188/1086/1605
f 2191/1090/1607 2192/1091/1608 2193/1092/1578
f 2194/1092/1609 2195/1091/1610 2196/1090/1611
f 2197/1093/1603 2198/1094/1612 2199/1095/1613
f 2200/1095/1614 2201/1094/1615 2202/1093/1605
f 2203/1096/1616 2204/1097/1617 2205/1098/1618
f 2204/1097/1617 2203/1096/1616 2206/1099/1619
f 2207/1099/1620 2208/1096/1621 2209/1097/1622
f 2210/1098/1623 2209/1097/1622 2208/1096/1621
f 2211/1100/1624 2212/1101/1625 2213/1102/1588
f 2214/1102/1626 2215/1101/1627 2216/1100/1628
f 2217/1103/1629 2218/1104/1630 2219/1105/1631
f 2218/1104/1630 2217/1103/1629 2220/1106/1632
f 2221/1106/1609 2222/1103/1633 2223/1104/1634
f 2224/1105/1635 2223/1104/1634 2222/1103/1633
